participant_id,cognitive_status,age_at_assessment,orientation_date,orientation_location,registration,attention_serial7,recall_3words,anterograde_memory,retrograde_memory,delayed_recall,recognition,verbal_fluency,semantic_fluency,comprehension,writing,verbal_repetition,verbal_repetition_2,naming,comprehension_2,reading,infinity_copying,cube_copying,clock_copying,dot_counting,fragmented_letters,attention_orientation,memory,fluency,language,visuospatial,ace3_total,test_complete,time_minutes
NSHD100000,healthy,79,5,5,3,5,3,7,4,6,5,6,6,3,2,2,2,12,4,1,1,2,5,4,4,18,25,12,26,16,97,1,18.8
NSHD100001,healthy,80,5,5,3,5,3,7,4,7,5,7,7,3,2,2,2,11,4,1,1,2,5,4,4,18,26,14,25,16,99,1,21.3
NSHD100002,healthy,80,5,5,3,5,3,7,4,7,5,7,7,3,2,2,2,11,4,1,1,2,5,4,4,18,26,14,25,16,99,1,17.1
NSHD100003,healthy,77,5,5,3,5,3,7,4,6,5,6,7,3,2,2,2,12,4,1,1,2,5,4,4,18,25,13,26,16,98,1,21.7
NSHD100004,healthy,76,5,5,3,5,3,7,4,7,5,7,7,3,2,2,2,12,4,1,1,2,5,4,4,18,26,14,26,16,100,1,17.6
NSHD100005,healthy,81,5,5,3,5,3,7,4,7,5,6,7,3,2,2,2,11,4,1,1,2,5,4,4,18,26,13,25,16,98,1,20.3
NSHD100006,healthy,76,5,5,3,5,3,7,4,6,5,6,6,3,2,2,2,12,4,1,1,2,5,4,4,18,25,12,26,16,97,1,17.5
NSHD100007,dementia_risk,79,2,3,1,2,1,3,2,3,3,3,4,1,1,1,1,8,2,1,0,1,2,2,1,8,12,7,15,6,48,1,20.0
NSHD100008,healthy,79,5,5,3,5,3,7,4,6,5,7,7,3,2,2,2,11,4,1,1,2,5,4,4,18,25,14,25,16,98,1,18.3
NSHD100009,healthy,80,5,5,3,5,3,7,4,6,5,6,7,3,2,2,2,11,4,1,1,2,5,4,4,18,25,13,25,16,97,1,22.1
NSHD100010,mci,78,3,4,2,4,3,6,3,6,4,6,6,2,1,1,2,9,3,1,1,2,4,3,3,13,22,12,19,13,79,1,16.8
NSHD100011,mci,79,4,3,3,4,2,6,3,5,3,5,6,3,2,2,2,8,3,1,1,2,4,3,3,14,19,11,21,13,78,1,19.9
NSHD100012,healthy,80,5,5,3,5,3,7,4,7,5,6,7,3,2,2,2,12,4,1,1,2,5,4,4,18,26,13,26,16,99,1,21.1
NSHD100013,healthy,76,5,5,3,5,3,7,4,7,5,7,7,3,2,2,2,12,4,1,1,2,5,4,4,18,26,14,26,16,100,1,22.7
NSHD100014,healthy,76,5,5,3,5,3,7,4,7,5,7,7,3,2,2,2,11,4,1,1,2,5,4,4,18,26,14,25,16,99,1,17.6
NSHD100015,dementia_risk,76,2,2,1,2,1,4,2,3,2,3,4,2,1,1,1,6,2,1,1,1,2,1,1,7,12,7,14,6,46,1,17.1
NSHD100016,healthy,73,5,5,3,5,3,7,4,7,5,7,7,3,2,2,2,11,4,1,1,2,5,4,4,18,26,14,25,16,99,1,19.3
NSHD100017,healthy,81,5,5,3,5,3,7,4,7,5,6,7,3,2,2,2,11,4,1,1,2,5,4,4,18,26,13,25,16,98,1,16.9
NSHD100018,mci,79,4,4,2,4,3,6,3,6,4,5,5,2,2,2,2,9,3,1,1,1,4,3,3,14,22,10,21,12,79,1,19.5
NSHD100019,healthy,76,5,5,3,5,3,7,4,6,5,6,7,3,2,2,2,12,4,1,1,2,5,4,4,18,25,13,26,16,98,1,16.2
NSHD100020,dementia_risk,75,3,3,2,3,1,2,1,2,3,3,3,2,1,1,1,7,1,1,1,1,2,2,2,11,9,6,14,8,48,1,21.4
NSHD100021,dementia_risk,74,2,3,2,2,2,4,2,2,3,4,3,1,1,1,1,7,2,0,1,1,3,2,2,9,13,7,13,9,51,1,20.9
NSHD100022,mci,79,4,4,2,4,2,5,3,6,3,6,5,2,2,1,1,10,3,1,1,1,4,3,3,14,19,11,20,12,76,1,18.1
NSHD100023,healthy,78,5,5,3,5,3,7,4,6,5,7,7,3,2,2,2,12,4,1,1,2,5,4,4,18,25,14,26,16,99,1,18.2
NSHD100024,healthy,77,5,5,3,5,3,6,4,6,5,6,6,3,2,2,2,12,4,1,1,2,5,4,4,18,24,12,26,16,96,1,16.9
NSHD100025,healthy,82,5,5,3,5,3,6,4,7,5,7,6,3,2,2,2,11,4,1,1,2,5,4,4,18,25,13,25,16,97,1,20.4
NSHD100026,mci,78,4,4,2,3,2,5,3,6,4,5,6,2,2,2,2,10,3,1,1,2,4,3,3,13,20,11,22,13,79,1,17.9
NSHD100027,mci,78,4,4,2,4,2,6,3,6,4,5,5,2,2,1,1,8,4,1,1,2,4,3,3,14,21,10,19,13,77,1,19.2
NSHD100028,healthy,77,5,5,3,5,3,7,4,7,5,7,7,3,2,2,2,12,4,1,1,2,5,4,4,18,26,14,26,16,100,1,15.7
NSHD100029,dementia_risk,76,2,2,1,3,2,4,1,3,3,3,4,1,1,1,1,4,2,0,0,1,3,2,1,8,13,7,10,7,45,1,15.9
NSHD100030,mci,74,4,4,3,4,2,5,3,6,4,6,6,2,2,1,2,9,3,1,1,2,4,3,3,15,20,12,20,13,80,1,18.5
NSHD100031,healthy,76,5,5,3,5,3,7,4,7,5,7,7,3,2,2,2,12,4,1,1,2,5,4,4,18,26,14,26,16,100,1,21.1
NSHD100032,healthy,74,5,5,3,5,3,7,4,7,5,7,7,3,2,2,2,12,4,1,1,2,5,4,4,18,26,14,26,16,100,1,19.6
NSHD100033,healthy,74,5,5,3,5,3,7,4,6,5,7,7,3,2,2,2,11,4,1,1,2,5,4,4,18,25,14,25,16,98,1,14.7
NSHD100034,dementia_risk,76,2,2,1,3,1,3,2,3,2,3,3,1,1,1,1,8,2,0,0,1,3,1,2,8,11,6,14,7,46,1,17.2
NSHD100035,healthy,78,5,5,3,5,3,7,4,7,5,7,7,3,2,2,2,12,4,1,1,2,5,4,4,18,26,14,26,16,100,1,17.3
NSHD100036,healthy,80,5,5,3,5,3,7,4,7,5,7,7,3,2,2,2,11,4,1,1,2,5,4,4,18,26,14,25,16,99,1,16.1
NSHD100037,mci,78,4,3,3,4,3,5,3,6,4,5,5,2,2,1,2,8,3,1,1,2,4,4,3,14,21,10,19,14,78,1,18.1
NSHD100038,mci,78,3,4,2,4,2,5,3,6,4,5,6,2,2,1,1,8,3,1,1,2,4,3,3,13,20,11,18,13,75,1,20.6
NSHD100039,mci,77,4,3,3,3,2,6,3,5,4,5,6,2,1,1,1,10,3,1,1,1,4,3,3,13,20,11,19,12,75,1,19.8
NSHD100040,mci,74,4,4,2,3,2,6,3,6,4,5,5,3,1,2,1,10,3,1,1,1,4,3,3,13,21,10,21,12,77,1,17.8
NSHD100041,healthy,75,5,5,3,5,3,7,4,7,5,7,6,3,2,2,2,11,4,1,1,2,5,4,4,18,26,13,25,16,98,1,17.8
NSHD100042,mci,78,4,4,2,4,2,5,3,5,4,6,6,2,2,2,1,9,3,1,1,1,4,3,3,14,19,12,20,12,77,1,19.1
NSHD100043,healthy,78,5,5,3,5,3,7,4,6,5,7,7,3,2,2,2,11,4,1,1,2,5,4,4,18,25,14,25,16,98,1,14.0
NSHD100044,healthy,76,5,5,3,5,3,7,4,7,5,7,6,3,2,2,2,12,4,1,1,2,5,4,4,18,26,13,26,16,99,1,14.2
NSHD100045,healthy,78,5,5,3,5,3,7,4,7,5,6,7,3,2,2,2,11,4,1,1,2,5,4,4,18,26,13,25,16,98,1,20.0
NSHD100046,healthy,79,5,5,3,5,3,7,4,7,5,6,7,3,2,2,2,12,4,1,1,2,5,4,4,18,26,13,26,16,99,1,13.6
NSHD100047,healthy,79,5,5,3,5,3,7,4,7,5,7,6,3,2,2,2,11,4,1,1,2,5,4,4,18,26,13,25,16,98,1,22.4
NSHD100048,mci,75,4,4,3,4,2,6,3,5,4,5,5,2,2,1,2,9,3,1,1,2,4,3,3,15,20,10,20,13,78,1,16.5
NSHD100049,healthy,75,5,5,3,5,3,7,4,7,5,7,7,3,2,2,2,12,4,1,1,2,5,4,4,18,26,14,26,16,100,1,19.7
NSHD100050,mci,75,4,4,2,4,2,5,3,5,4,6,5,2,1,1,2,8,3,1,1,1,4,3,3,14,19,11,18,12,74,1,14.4
NSHD100051,healthy,79,5,5,3,5,3,7,4,7,5,7,7,3,2,2,2,12,4,1,1,2,5,4,4,18,26,14,26,16,100,1,22.5
NSHD100052,dementia_risk,78,2,2,2,3,1,2,2,4,2,4,3,2,1,1,1,5,2,0,0,1,2,2,3,9,11,7,12,8,47,1,14.4
NSHD100053,healthy,82,5,5,3,5,3,7,4,6,5,7,6,3,2,2,2,12,4,1,1,2,5,4,4,18,25,13,26,16,98,1,19.5
NSHD100054,healthy,80,5,5,3,5,3,7,4,6,5,7,6,3,2,2,2,12,4,1,1,2,5,4,4,18,25,13,26,16,98,1,22.0
NSHD100055,mci,75,4,4,2,4,2,5,3,5,4,5,6,2,2,1,2,9,3,1,1,1,4,3,4,14,19,11,20,13,77,1,21.9
NSHD100056,healthy,77,5,5,3,5,3,6,4,7,5,7,7,3,2,2,2,11,4,1,1,2,5,4,4,18,25,14,25,16,98,1,22.7
NSHD100057,healthy,76,5,5,3,5,3,7,4,7,5,7,7,3,2,2,2,12,4,1,1,2,5,4,4,18,26,14,26,16,100,1,16.7
NSHD100058,healthy,75,5,5,3,5,3,7,4,7,5,6,6,3,2,2,2,11,4,1,1,2,5,4,4,18,26,12,25,16,97,1,20.7
NSHD100059,mci,73,4,3,2,4,2,5,3,5,4,6,6,3,2,2,2,8,3,1,1,1,4,3,3,13,19,12,21,12,77,1,20.1
NSHD100060,healthy,76,5,5,3,5,3,7,4,7,5,7,7,3,2,2,2,11,4,1,1,2,5,4,4,18,26,14,25,16,99,1,17.8
NSHD100061,healthy,77,5,5,3,5,3,7,4,7,5,7,6,3,2,2,2,12,4,1,1,2,5,4,4,18,26,13,26,16,99,1,16.3
NSHD100062,healthy,77,5,5,3,5,3,7,4,7,5,6,6,3,2,2,2,11,4,1,1,2,5,4,4,18,26,12,25,16,97,1,15.9
NSHD100063,healthy,75,5,5,3,5,3,6,4,6,5,7,7,3,2,2,2,11,4,1,1,2,5,4,4,18,24,14,25,16,97,1,18.9
NSHD100064,healthy,79,5,5,3,5,3,7,4,7,5,7,6,3,2,2,2,11,4,1,1,2,5,4,4,18,26,13,25,16,98,1,16.0
NSHD100065,dementia_risk,77,2,2,1,2,1,3,2,4,2,3,4,1,1,1,1,5,2,0,1,1,3,2,2,7,12,7,11,9,46,1,16.8
NSHD100066,dementia_risk,74,3,3,1,2,2,4,2,3,3,3,3,2,1,1,1,6,1,1,0,1,2,1,2,9,14,6,13,6,48,1,16.3
NSHD100067,healthy,78,5,5,3,5,3,7,4,7,5,6,7,3,2,2,2,12,4,1,1,2,5,4,4,18,26,13,26,16,99,1,12.9
NSHD100068,healthy,77,5,5,3,5,3,6,4,7,5,7,7,3,2,2,2,12,4,1,1,2,5,4,4,18,25,14,26,16,99,1,20.2
NSHD100069,healthy,79,5,5,3,5,3,6,4,7,5,7,6,3,2,2,2,12,4,1,1,2,5,4,4,18,25,13,26,16,98,1,21.1
NSHD100070,healthy,74,5,5,3,5,3,7,4,7,5,7,7,3,2,2,2,11,4,1,1,2,5,4,4,18,26,14,25,16,99,1,17.6
NSHD100071,healthy,77,5,5,3,5,3,7,4,7,5,7,7,3,2,2,2,11,4,1,1,2,5,4,4,18,26,14,25,16,99,1,19.6
NSHD100072,healthy,77,5,5,3,5,3,7,4,7,5,7,6,3,2,2,2,11,4,1,1,2,5,4,4,18,26,13,25,16,98,1,18.1
NSHD100073,healthy,77,5,5,3,5,3,6,4,6,5,7,7,3,2,2,2,11,4,1,1,2,5,4,4,18,24,14,25,16,97,1,20.3
NSHD100074,healthy,73,5,5,3,5,3,6,4,6,5,7,6,3,2,2,2,12,4,1,1,2,5,4,4,18,24,13,26,16,97,1,19.6
NSHD100075,healthy,76,5,5,3,5,3,7,4,6,5,6,7,3,2,2,2,11,4,1,1,2,5,4,4,18,25,13,25,16,97,1,15.1
NSHD100076,mci,77,3,3,2,4,2,5,3,5,4,5,6,2,2,1,2,10,3,1,1,1,4,3,3,12,19,11,21,12,75,1,18.2
NSHD100077,healthy,77,5,5,3,5,3,7,4,7,5,7,7,3,2,2,2,11,4,1,1,2,5,4,4,18,26,14,25,16,99,1,19.3
NSHD100078,healthy,78,5,5,3,5,3,7,4,6,5,7,7,3,2,2,2,11,4,1,1,2,5,4,4,18,25,14,25,16,98,1,19.9
NSHD100079,dementia_risk,76,3,2,2,2,2,3,2,3,2,3,3,1,1,1,1,7,2,0,0,1,2,2,2,9,12,6,13,7,47,1,18.7
NSHD100080,healthy,76,5,5,3,5,3,7,4,7,5,7,7,3,2,2,2,11,4,1,1,2,5,4,4,18,26,14,25,16,99,1,19.2
NSHD100081,healthy,77,5,5,3,5,3,7,4,7,5,7,7,3,2,2,2,11,4,1,1,2,5,4,4,18,26,14,25,16,99,1,15.9
NSHD100082,healthy,78,5,5,3,5,3,7,4,7,5,7,7,3,2,2,2,11,4,1,1,2,5,4,4,18,26,14,25,16,99,1,19.8
NSHD100083,healthy,78,5,5,3,5,3,7,4,6,5,7,7,3,2,2,2,12,4,1,1,2,5,4,4,18,25,14,26,16,99,1,17.6
NSHD100084,healthy,78,5,5,3,5,3,7,4,7,5,7,7,3,2,2,2,11,4,1,1,2,5,4,4,18,26,14,25,16,99,1,17.1
NSHD100085,healthy,74,5,5,3,5,3,7,4,6,5,7,7,3,2,2,2,11,4,1,1,2,5,4,4,18,25,14,25,16,98,1,15.5
NSHD100086,healthy,76,5,5,3,5,3,7,4,7,5,6,7,3,2,2,2,11,4,1,1,2,5,4,4,18,26,13,25,16,98,1,19.2
NSHD100087,healthy,78,5,5,3,5,3,7,4,6,5,7,7,3,2,2,2,11,4,1,1,2,5,4,4,18,25,14,25,16,98,1,16.4
NSHD100088,healthy,72,5,5,3,5,3,7,4,7,5,7,6,3,2,2,2,12,4,1,1,2,5,4,4,18,26,13,26,16,99,1,16.6
NSHD100089,healthy,79,5,5,3,5,3,7,4,7,5,7,7,3,2,2,2,11,4,1,1,2,5,4,4,18,26,14,25,16,99,1,16.6
NSHD100090,healthy,77,5,5,3,5,3,6,4,7,5,7,7,3,2,2,2,12,4,1,1,2,5,4,4,18,25,14,26,16,99,1,19.0
NSHD100091,healthy,78,5,5,3,5,3,7,4,7,5,7,7,3,2,2,2,11,4,1,1,2,5,4,4,18,26,14,25,16,99,1,21.2
NSHD100092,healthy,75,5,5,3,5,3,7,4,7,5,6,6,3,2,2,2,11,4,1,1,2,5,4,4,18,26,12,25,16,97,1,15.9
NSHD100093,dementia_risk,75,2,2,1,2,1,2,1,4,3,3,3,2,1,1,1,4,1,1,0,1,2,1,2,7,11,6,11,6,41,1,17.5
NSHD100094,mci,77,3,3,3,4,2,6,3,6,4,6,5,3,2,1,2,9,3,1,1,2,4,3,3,13,21,11,21,13,79,1,15.4
NSHD100095,healthy,75,5,5,3,5,3,6,4,6,5,7,7,3,2,2,2,12,4,1,1,2,5,4,4,18,24,14,26,16,98,1,21.7
NSHD100096,mci,77,4,4,2,4,2,5,3,5,4,6,5,2,1,2,1,11,3,1,1,2,4,3,3,14,19,11,21,13,78,1,22.4
NSHD100097,healthy,79,5,5,3,5,3,7,4,7,5,7,7,3,2,2,2,11,4,1,1,2,5,4,4,18,26,14,25,16,99,1,19.7
NSHD100098,healthy,80,5,5,3,5,3,6,4,7,5,6,7,3,2,2,2,11,4,1,1,2,5,4,4,18,25,13,25,16,97,1,23.4
NSHD100099,healthy,75,5,5,3,5,3,7,4,7,5,7,6,3,2,2,2,11,4,1,1,2,5,4,4,18,26,13,25,16,98,1,21.2
NSHD100100,healthy,79,5,5,3,5,3,7,4,7,5,7,7,3,2,2,2,11,4,1,1,2,5,4,4,18,26,14,25,16,99,1,18.0
NSHD100101,dementia_risk,82,2,3,1,2,2,4,2,4,2,2,3,1,1,1,1,6,2,0,1,1,2,2,2,8,14,5,12,8,47,1,18.0
NSHD100102,healthy,76,5,5,3,5,3,7,4,7,5,7,6,3,2,2,2,11,4,1,1,2,5,4,4,18,26,13,25,16,98,1,18.4
NSHD100103,healthy,78,5,5,3,5,3,7,4,7,5,6,7,3,2,2,2,11,4,1,1,2,5,4,4,18,26,13,25,16,98,1,14.6
NSHD100104,healthy,81,5,5,3,5,3,7,4,7,5,7,7,3,2,2,2,11,4,1,1,2,5,4,4,18,26,14,25,16,99,1,19.9
NSHD100105,healthy,76,5,5,3,5,3,7,4,7,5,7,7,3,2,2,2,11,4,1,1,2,5,4,4,18,26,14,25,16,99,1,23.2
NSHD100106,healthy,79,5,5,3,5,3,7,4,6,5,7,7,3,2,2,2,11,4,1,1,2,5,4,4,18,25,14,25,16,98,1,15.2
NSHD100107,healthy,76,5,5,3,5,3,6,4,7,5,6,7,3,2,2,2,11,4,1,1,2,5,4,4,18,25,13,25,16,97,1,22.6
NSHD100108,mci,77,4,4,2,4,2,6,3,5,4,6,5,2,2,1,1,10,4,1,1,1,4,3,3,14,20,11,21,12,78,1,19.5
NSHD100109,healthy,77,5,5,3,5,3,7,4,6,5,6,7,3,2,2,2,11,4,1,1,2,5,4,4,18,25,13,25,16,97,1,18.0
NSHD100110,healthy,75,5,5,3,5,3,7,4,7,5,7,7,3,2,2,2,11,4,1,1,2,5,4,4,18,26,14,25,16,99,1,20.2
NSHD100111,dementia_risk,74,3,3,1,3,1,4,2,2,3,3,4,2,1,1,1,4,2,1,1,1,2,2,2,10,12,7,12,8,49,1,17.7
NSHD100112,healthy,76,5,5,3,5,3,6,4,6,5,6,7,3,2,2,2,12,4,1,1,2,5,4,4,18,24,13,26,16,97,1,17.9
NSHD100113,dementia_risk,74,2,2,1,2,1,4,2,4,3,3,4,2,1,1,1,6,1,0,1,1,3,2,2,7,14,7,12,9,49,1,22.8
NSHD100114,healthy,82,5,5,3,5,3,7,4,6,5,6,7,3,2,2,2,12,4,1,1,2,5,4,4,18,25,13,26,16,98,1,18.3
NSHD100115,healthy,75,5,5,3,5,3,6,4,7,5,7,6,3,2,2,2,12,4,1,1,2,5,4,4,18,25,13,26,16,98,1,21.2
NSHD100116,healthy,75,5,5,3,5,3,6,4,6,5,7,7,3,2,2,2,11,4,1,1,2,5,4,4,18,24,14,25,16,97,1,16.6
NSHD100117,healthy,78,5,5,3,5,3,7,4,6,5,6,7,3,2,2,2,11,4,1,1,2,5,4,4,18,25,13,25,16,97,1,18.7
NSHD100118,dementia_risk,75,3,3,1,2,2,3,2,3,2,4,4,1,1,1,1,6,1,1,0,1,3,2,1,9,12,8,12,7,48,1,16.8
NSHD100119,healthy,79,5,5,3,5,3,7,4,7,5,7,6,3,2,2,2,11,4,1,1,2,5,4,4,18,26,13,25,16,98,1,18.3
NSHD100120,healthy,78,5,5,3,5,3,7,4,6,5,7,7,3,2,2,2,12,4,1,1,2,5,4,4,18,25,14,26,16,99,1,19.7
NSHD100121,healthy,80,5,5,3,5,3,7,4,6,5,7,7,3,2,2,2,11,4,1,1,2,5,4,4,18,25,14,25,16,98,1,21.4
NSHD100122,mci,78,4,4,2,4,3,5,3,5,3,5,6,2,2,2,1,8,3,1,1,1,4,3,3,14,19,11,19,12,75,1,16.9
NSHD100123,dementia_risk,79,3,2,1,2,2,4,1,4,3,4,2,1,1,1,1,6,2,0,0,1,2,2,2,8,14,6,12,7,47,1,15.7
NSHD100124,healthy,79,5,5,3,5,3,7,4,6,5,7,7,3,2,2,2,11,4,1,1,2,5,4,4,18,25,14,25,16,98,1,20.3
NSHD100125,mci,73,4,4,2,3,2,6,3,6,4,5,6,3,2,2,2,10,3,1,1,1,4,3,3,13,21,11,23,12,80,1,11.3
NSHD100126,healthy,76,5,5,3,5,3,7,4,7,5,7,7,3,2,2,2,11,4,1,1,2,5,4,4,18,26,14,25,16,99,1,16.5
NSHD100127,healthy,73,5,5,3,5,3,7,4,7,5,6,7,3,2,2,2,11,4,1,1,2,5,4,4,18,26,13,25,16,98,1,16.2
NSHD100128,healthy,79,5,5,3,5,3,7,4,6,5,7,6,3,2,2,2,12,4,1,1,2,5,4,4,18,25,13,26,16,98,1,18.7
NSHD100129,dementia_risk,79,2,3,1,3,2,3,2,4,2,4,3,1,1,1,1,6,1,1,0,1,2,2,1,9,13,7,12,6,47,1,17.3
NSHD100130,healthy,76,5,5,3,5,3,7,4,7,5,6,6,3,2,2,2,11,4,1,1,2,5,4,4,18,26,12,25,16,97,1,17.0
NSHD100131,healthy,75,5,5,3,5,3,7,4,6,5,7,7,3,2,2,2,11,4,1,1,2,5,4,4,18,25,14,25,16,98,1,13.7
NSHD100132,healthy,78,5,5,3,5,3,6,4,7,5,7,7,3,2,2,2,12,4,1,1,2,5,4,4,18,25,14,26,16,99,1,20.6
NSHD100133,healthy,76,5,5,3,5,3,7,4,7,5,6,7,3,2,2,2,11,4,1,1,2,5,4,4,18,26,13,25,16,98,1,20.1
NSHD100134,healthy,75,5,5,3,5,3,7,4,7,5,7,6,3,2,2,2,11,4,1,1,2,5,4,4,18,26,13,25,16,98,1,21.6
NSHD100135,healthy,79,5,5,3,5,3,6,4,7,5,7,6,3,2,2,2,11,4,1,1,2,5,4,4,18,25,13,25,16,97,1,20.5
NSHD100136,mci,77,4,4,2,4,2,5,3,5,4,6,5,2,1,2,1,9,3,1,1,1,4,3,3,14,19,11,19,12,75,1,20.7
NSHD100137,mci,74,4,3,2,4,2,6,3,5,4,6,5,2,2,1,1,10,3,1,1,2,4,3,3,13,20,11,20,13,77,1,19.6
NSHD100138,dementia_risk,79,2,2,2,3,1,4,2,4,3,4,3,2,1,1,1,8,2,1,0,1,2,1,2,9,14,7,16,6,52,1,18.0
NSHD100139,healthy,74,5,5,3,5,3,7,4,6,5,7,6,3,2,2,2,12,4,1,1,2,5,4,4,18,25,13,26,16,98,1,16.9
NSHD100140,mci,79,4,4,3,4,2,6,3,5,4,6,5,2,1,1,2,10,3,1,1,2,4,3,3,15,20,11,20,13,79,1,15.4
NSHD100141,healthy,78,5,5,3,5,3,7,4,7,5,6,7,3,2,2,2,11,4,1,1,2,5,4,4,18,26,13,25,16,98,1,12.1
NSHD100142,healthy,77,5,5,3,5,3,7,4,6,5,7,7,3,2,2,2,12,4,1,1,2,5,4,4,18,25,14,26,16,99,1,16.4
NSHD100143,dementia_risk,76,3,3,1,2,1,4,2,3,3,3,2,2,1,1,1,4,3,0,0,1,3,2,2,9,13,5,12,8,47,1,16.5
NSHD100144,healthy,79,5,5,3,5,3,7,4,7,5,6,6,3,2,2,2,11,4,1,1,2,5,4,4,18,26,12,25,16,97,1,20.4
NSHD100145,healthy,77,5,5,3,5,3,7,4,7,5,7,7,3,2,2,2,12,4,1,1,2,5,4,4,18,26,14,26,16,100,1,15.2
NSHD100146,healthy,79,5,5,3,5,3,7,4,7,5,7,7,3,2,2,2,12,4,1,1,2,5,4,4,18,26,14,26,16,100,1,17.5
NSHD100147,healthy,75,5,5,3,5,3,6,4,6,5,7,7,3,2,2,2,11,4,1,1,2,5,4,4,18,24,14,25,16,97,1,17.9
NSHD100148,healthy,78,5,5,3,5,3,7,4,7,5,7,6,3,2,2,2,11,4,1,1,2,5,4,4,18,26,13,25,16,98,1,17.4
NSHD100149,healthy,70,5,5,3,5,3,7,4,7,5,7,7,3,2,2,2,11,4,1,1,2,5,4,4,18,26,14,25,16,99,1,16.0
NSHD100150,healthy,76,5,5,3,5,3,7,4,7,5,6,7,3,2,2,2,12,4,1,1,2,5,4,4,18,26,13,26,16,99,1,19.9
NSHD100151,healthy,74,5,5,3,5,3,7,4,6,5,6,7,3,2,2,2,11,4,1,1,2,5,4,4,18,25,13,25,16,97,1,22.3
NSHD100152,mci,78,4,3,2,3,2,5,3,5,4,6,5,2,2,2,1,8,3,1,1,1,4,3,3,12,19,11,19,12,73,1,18.6
NSHD100153,mci,78,4,4,2,4,2,5,3,5,3,6,5,2,1,1,2,10,3,1,1,1,4,3,3,14,18,11,20,12,75,1,21.8
NSHD100154,mci,80,4,4,2,3,2,5,3,6,4,6,6,2,2,1,1,9,3,1,1,2,4,3,3,13,20,12,19,13,77,1,15.9
NSHD100155,mci,76,3,4,2,4,2,5,3,5,4,5,5,2,2,2,1,10,3,1,1,1,4,3,3,13,19,10,21,12,75,1,17.9
NSHD100156,mci,79,4,4,2,3,2,5,3,5,4,6,5,3,1,1,1,10,3,1,1,1,3,3,4,13,19,11,20,12,75,1,15.6
NSHD100157,healthy,74,5,5,3,5,3,6,4,7,5,6,7,3,2,2,2,11,4,1,1,2,5,4,4,18,25,13,25,16,97,1,18.0
NSHD100158,healthy,77,5,5,3,5,3,7,4,7,5,7,7,3,2,2,2,11,4,1,1,2,5,4,4,18,26,14,25,16,99,1,17.6
NSHD100159,dementia_risk,74,3,3,1,2,1,2,1,2,3,4,4,1,1,1,1,4,2,0,0,1,3,1,2,9,9,8,10,7,43,1,16.8
NSHD100160,healthy,74,5,5,3,5,3,6,4,7,5,6,6,3,2,2,2,12,4,1,1,2,5,4,4,18,25,12,26,16,97,1,22.7
NSHD100161,healthy,81,5,5,3,5,3,6,4,6,5,7,7,3,2,2,2,12,4,1,1,2,5,4,4,18,24,14,26,16,98,1,18.0
NSHD100162,healthy,77,5,5,3,5,3,6,4,7,5,6,6,3,2,2,2,11,4,1,1,2,5,4,4,18,25,12,25,16,96,1,21.6
NSHD100163,healthy,70,5,5,3,5,3,7,4,7,5,6,7,3,2,2,2,11,4,1,1,2,5,4,4,18,26,13,25,16,98,1,18.5
NSHD100164,healthy,74,5,5,3,5,3,7,4,7,5,7,6,3,2,2,2,11,4,1,1,2,5,4,4,18,26,13,25,16,98,1,16.8
NSHD100165,healthy,77,5,5,3,5,3,6,4,7,5,7,7,3,2,2,2,12,4,1,1,2,5,4,4,18,25,14,26,16,99,1,21.2
NSHD100166,healthy,78,5,5,3,5,3,6,4,7,5,7,7,3,2,2,2,12,4,1,1,2,5,4,4,18,25,14,26,16,99,1,17.1
NSHD100167,healthy,76,5,5,3,5,3,6,4,7,5,7,6,3,2,2,2,11,4,1,1,2,5,4,4,18,25,13,25,16,97,1,21.1
NSHD100168,healthy,77,5,5,3,5,3,7,4,7,5,7,7,3,2,2,2,12,4,1,1,2,5,4,4,18,26,14,26,16,100,1,16.0
NSHD100169,healthy,78,5,5,3,5,3,7,4,7,5,7,7,3,2,2,2,12,4,1,1,2,5,4,4,18,26,14,26,16,100,1,19.7
NSHD100170,mci,77,4,4,2,4,3,5,4,5,4,5,5,2,1,2,2,9,3,1,1,2,4,3,3,14,21,10,20,13,78,1,22.8
NSHD100171,healthy,78,5,5,3,5,3,7,4,7,5,6,6,3,2,2,2,11,4,1,1,2,5,4,4,18,26,12,25,16,97,1,20.2
NSHD100172,mci,78,3,4,2,3,3,5,3,5,4,5,5,2,2,1,2,10,3,1,1,1,4,3,3,12,20,10,21,12,75,1,16.0
NSHD100173,healthy,76,5,5,3,5,3,7,4,7,5,7,7,3,2,2,2,11,4,1,1,2,5,4,4,18,26,14,25,16,99,1,19.6
NSHD100174,healthy,79,5,5,3,5,3,6,4,6,5,7,6,3,2,2,2,11,4,1,1,2,5,4,4,18,24,13,25,16,96,1,15.4
NSHD100175,dementia_risk,78,3,2,1,2,1,4,1,4,2,2,4,1,1,1,1,4,1,0,0,1,3,2,2,8,12,6,9,8,43,1,18.2
NSHD100176,healthy,79,5,5,3,5,3,7,4,7,5,6,7,3,2,2,2,12,4,1,1,2,5,4,4,18,26,13,26,16,99,1,18.4
NSHD100177,mci,76,4,4,3,3,2,5,3,5,4,5,6,2,1,2,2,10,3,1,1,2,4,3,3,14,19,11,21,13,78,1,16.6
NSHD100178,healthy,77,5,5,3,5,3,7,4,7,5,7,7,3,2,2,2,11,4,1,1,2,5,4,4,18,26,14,25,16,99,1,15.2
NSHD100179,healthy,75,5,5,3,5,3,7,4,7,5,7,7,3,2,2,2,12,4,1,1,2,5,4,4,18,26,14,26,16,100,1,16.8
NSHD100180,dementia_risk,80,2,2,1,3,1,3,3,4,3,3,2,1,1,1,1,7,2,0,0,1,3,2,2,8,14,5,13,8,48,1,20.5
NSHD100181,healthy,77,5,5,3,5,3,7,4,7,5,6,7,3,2,2,2,11,4,1,1,2,5,4,4,18,26,13,25,16,98,1,17.4
NSHD100182,healthy,79,5,5,3,5,3,7,4,6,5,7,7,3,2,2,2,11,4,1,1,2,5,4,4,18,25,14,25,16,98,1,15.6
NSHD100183,healthy,77,5,5,3,5,3,7,4,7,5,6,7,3,2,2,2,12,4,1,1,2,5,4,4,18,26,13,26,16,99,1,25.4
NSHD100184,healthy,77,5,5,3,5,3,7,4,7,5,6,7,3,2,2,2,11,4,1,1,2,5,4,4,18,26,13,25,16,98,1,19.8
NSHD100185,healthy,81,5,5,3,5,3,7,4,6,5,6,6,3,2,2,2,11,4,1,1,2,5,4,4,18,25,12,25,16,96,1,16.4
NSHD100186,healthy,77,5,5,3,5,3,6,4,7,5,7,7,3,2,2,2,12,4,1,1,2,5,4,4,18,25,14,26,16,99,1,18.1
NSHD100187,mci,75,4,3,3,4,2,6,3,5,4,5,5,2,1,2,2,9,3,1,1,1,4,3,3,14,20,10,20,12,76,1,18.1
NSHD100188,healthy,78,5,5,3,5,3,7,4,6,5,6,7,3,2,2,2,11,4,1,1,2,5,4,4,18,25,13,25,16,97,1,12.7
NSHD100189,healthy,74,5,5,3,5,3,6,4,7,5,7,7,3,2,2,2,12,4,1,1,2,5,4,4,18,25,14,26,16,99,1,21.4
NSHD100190,healthy,75,5,5,3,5,3,7,4,6,5,7,6,3,2,2,2,12,4,1,1,2,5,4,4,18,25,13,26,16,98,1,18.9
NSHD100191,mci,78,4,4,2,4,2,5,3,5,4,5,5,2,1,2,2,10,3,1,1,2,4,3,3,14,19,10,21,13,77,1,21.0
NSHD100192,dementia_risk,79,3,2,1,3,1,2,2,3,3,3,3,2,1,1,1,4,2,0,1,1,3,2,2,9,11,6,11,9,46,1,18.3
NSHD100193,healthy,77,5,5,3,5,3,7,4,7,5,7,7,3,2,2,2,12,4,1,1,2,5,4,4,18,26,14,26,16,100,1,18.2
NSHD100194,healthy,77,5,5,3,5,3,7,4,7,5,7,7,3,2,2,2,12,4,1,1,2,5,4,4,18,26,14,26,16,100,1,16.0
NSHD100195,healthy,79,5,5,3,5,3,7,4,7,5,7,7,3,2,2,2,12,4,1,1,2,5,4,4,18,26,14,26,16,100,1,19.0
NSHD100196,healthy,79,5,5,3,5,3,7,4,6,5,6,7,3,2,2,2,12,4,1,1,2,5,4,4,18,25,13,26,16,98,1,21.5
NSHD100197,healthy,80,5,5,3,5,3,7,4,6,5,7,7,3,2,2,2,11,4,1,1,2,5,4,4,18,25,14,25,16,98,1,18.8
NSHD100198,healthy,76,5,5,3,5,3,7,4,7,5,7,7,3,2,2,2,11,4,1,1,2,5,4,4,18,26,14,25,16,99,1,22.8
NSHD100199,mci,77,4,4,2,3,3,6,3,5,4,6,5,2,2,2,1,9,3,1,1,1,4,3,3,13,21,11,20,12,77,1,18.7
NSHD100200,mci,74,4,4,2,3,3,6,3,6,4,5,6,2,2,1,1,10,3,1,1,2,3,3,3,13,22,11,20,12,78,1,20.2
NSHD100201,dementia_risk,77,2,2,1,2,1,3,2,3,2,4,3,2,1,1,1,4,1,1,0,1,2,2,2,7,11,7,11,7,43,1,18.5
NSHD100202,healthy,76,5,5,3,5,3,7,4,7,5,7,7,3,2,2,2,12,4,1,1,2,5,4,4,18,26,14,26,16,100,1,14.1
NSHD100203,healthy,71,5,5,3,5,3,7,4,6,5,7,7,3,2,2,2,12,4,1,1,2,5,4,4,18,25,14,26,16,99,1,21.4
NSHD100204,mci,79,4,3,2,4,3,6,3,5,4,5,5,2,2,1,2,10,3,1,1,2,4,3,3,13,21,10,21,13,78,1,20.4
NSHD100205,mci,73,4,4,2,4,2,6,3,5,4,5,5,3,2,2,1,8,3,1,1,1,4,3,3,14,20,10,20,12,76,1,21.5
NSHD100206,healthy,78,5,5,3,5,3,7,4,7,5,6,6,3,2,2,2,12,4,1,1,2,5,4,4,18,26,12,26,16,98,1,21.5
NSHD100207,mci,78,4,4,2,4,2,5,3,5,3,6,5,3,2,2,2,10,3,1,1,2,4,3,3,14,18,11,23,13,79,1,19.5
NSHD100208,healthy,77,5,5,3,5,3,7,4,7,5,6,7,3,2,2,2,11,4,1,1,2,5,4,4,18,26,13,25,16,98,1,19.6
NSHD100209,healthy,80,5,5,3,5,3,7,4,7,5,7,7,3,2,2,2,12,4,1,1,2,5,4,4,18,26,14,26,16,100,1,13.2
NSHD100210,mci,76,3,4,2,4,2,6,3,5,4,5,6,2,2,2,2,8,3,1,1,2,4,3,3,13,20,11,20,13,77,1,20.0
NSHD100211,dementia_risk,76,3,3,1,2,2,3,2,4,3,4,3,1,1,1,1,6,2,0,1,1,3,3,1,9,14,7,12,9,51,1,16.8
NSHD100212,healthy,78,5,5,3,5,3,7,4,7,5,7,7,3,2,2,2,11,4,1,1,2,5,4,4,18,26,14,25,16,99,1,18.3
NSHD100213,mci,71,3,3,3,3,2,6,3,5,4,6,5,2,2,1,1,10,3,1,1,2,3,3,3,12,20,11,20,12,75,1,21.1
NSHD100214,healthy,78,5,5,3,5,3,7,4,7,5,7,7,3,2,2,2,11,4,1,1,2,5,4,4,18,26,14,25,16,99,1,15.8
NSHD100215,healthy,76,5,5,3,5,3,7,4,6,5,6,6,3,2,2,2,12,4,1,1,2,5,4,4,18,25,12,26,16,97,1,15.5
NSHD100216,healthy,78,5,5,3,5,3,6,4,6,5,6,7,3,2,2,2,12,4,1,1,2,5,4,4,18,24,13,26,16,97,1,18.9
NSHD100217,healthy,80,5,5,3,5,3,6,4,7,5,7,7,3,2,2,2,11,4,1,1,2,5,4,4,18,25,14,25,16,98,1,19.5
NSHD100218,mci,76,4,4,3,3,3,5,3,5,4,6,6,2,1,2,1,8,3,1,1,1,4,3,3,14,20,12,18,12,76,1,19.7
NSHD100219,healthy,76,5,5,3,5,3,7,4,7,5,7,7,3,2,2,2,12,4,1,1,2,5,4,4,18,26,14,26,16,100,1,17.5
NSHD100220,healthy,75,5,5,3,5,3,6,4,7,5,7,7,3,2,2,2,12,4,1,1,2,5,4,4,18,25,14,26,16,99,1,17.9
NSHD100221,healthy,74,5,5,3,5,3,7,4,7,5,7,7,3,2,2,2,12,4,1,1,2,5,4,4,18,26,14,26,16,100,1,19.3
NSHD100222,healthy,80,5,5,3,5,3,7,4,7,5,7,6,3,2,2,2,11,4,1,1,2,5,4,4,18,26,13,25,16,98,1,20.1
NSHD100223,healthy,74,5,5,3,5,3,7,4,7,5,7,6,3,2,2,2,11,4,1,1,2,5,4,4,18,26,13,25,16,98,1,15.4
NSHD100224,healthy,77,5,5,3,5,3,7,4,7,5,7,7,3,2,2,2,11,4,1,1,2,5,4,4,18,26,14,25,16,99,1,19.4
NSHD100225,healthy,80,5,5,3,5,3,6,4,6,5,6,6,3,2,2,2,11,4,1,1,2,5,4,4,18,24,12,25,16,95,1,16.7
NSHD100226,healthy,75,5,5,3,5,3,7,4,7,5,7,6,3,2,2,2,12,4,1,1,2,5,4,4,18,26,13,26,16,99,1,19.1
NSHD100227,healthy,80,5,5,3,5,3,7,4,7,5,7,6,3,2,2,2,11,4,1,1,2,5,4,4,18,26,13,25,16,98,1,19.7
NSHD100228,mci,80,4,4,3,4,3,6,3,6,3,6,5,2,2,2,2,8,4,1,1,1,4,3,3,15,21,11,21,12,80,1,20.6
NSHD100229,mci,77,3,4,2,3,3,6,3,5,4,5,5,2,2,2,2,10,3,1,1,2,4,3,3,12,21,10,22,13,78,1,17.1
NSHD100230,dementia_risk,80,2,2,2,3,1,4,1,3,2,4,2,1,1,1,1,4,2,0,1,1,2,2,2,9,11,6,10,8,44,1,20.2
NSHD100231,healthy,77,5,5,3,5,3,7,4,7,5,6,7,3,2,2,2,11,4,1,1,2,5,4,4,18,26,13,25,16,98,1,16.9
NSHD100232,healthy,78,5,5,3,5,3,6,4,7,5,7,7,3,2,2,2,11,4,1,1,2,5,4,4,18,25,14,25,16,98,1,15.8
NSHD100233,healthy,78,5,5,3,5,3,6,4,7,5,6,6,3,2,2,2,12,4,1,1,2,5,4,4,18,25,12,26,16,97,1,19.2
NSHD100234,dementia_risk,79,2,2,2,2,1,2,2,2,2,3,3,2,1,1,1,4,2,1,0,1,2,3,1,8,9,6,12,7,42,1,17.8
NSHD100235,healthy,76,5,5,3,5,3,6,4,7,5,6,7,3,2,2,2,12,4,1,1,2,5,4,4,18,25,13,26,16,98,1,19.7
NSHD100236,healthy,76,5,5,3,5,3,6,4,7,5,6,7,3,2,2,2,12,4,1,1,2,5,4,4,18,25,13,26,16,98,1,17.1
NSHD100237,healthy,78,5,5,3,5,3,6,4,6,5,7,7,3,2,2,2,12,4,1,1,2,5,4,4,18,24,14,26,16,98,1,15.0
NSHD100238,mci,77,3,4,2,4,2,6,3,6,3,5,6,2,1,1,2,8,3,1,1,2,4,3,3,13,20,11,18,13,75,1,14.1
NSHD100239,healthy,79,5,5,3,5,3,7,4,7,5,7,7,3,2,2,2,12,4,1,1,2,5,4,4,18,26,14,26,16,100,1,20.9
NSHD100240,healthy,75,5,5,3,5,3,7,4,6,5,7,7,3,2,2,2,12,4,1,1,2,5,4,4,18,25,14,26,16,99,1,21.5
NSHD100241,healthy,74,5,5,3,5,3,7,4,7,5,7,6,3,2,2,2,11,4,1,1,2,5,4,4,18,26,13,25,16,98,1,18.4
NSHD100242,mci,76,4,4,2,3,2,6,3,6,3,5,6,3,2,1,2,10,3,1,1,2,4,3,3,13,20,11,22,13,79,1,16.8
NSHD100243,healthy,75,5,5,3,5,3,7,4,6,5,7,7,3,2,2,2,11,4,1,1,2,5,4,4,18,25,14,25,16,98,1,18.2
NSHD100244,healthy,78,5,5,3,5,3,7,4,6,5,6,7,3,2,2,2,12,4,1,1,2,5,4,4,18,25,13,26,16,98,1,19.6
NSHD100245,healthy,79,5,5,3,5,3,7,4,7,5,7,6,3,2,2,2,11,4,1,1,2,5,4,4,18,26,13,25,16,98,1,13.1
NSHD100246,healthy,81,5,5,3,5,3,7,4,7,5,7,7,3,2,2,2,12,4,1,1,2,5,4,4,18,26,14,26,16,100,1,17.3
NSHD100247,healthy,79,5,5,3,5,3,7,4,7,5,7,6,3,2,2,2,11,4,1,1,2,5,4,4,18,26,13,25,16,98,1,18.2
NSHD100248,healthy,74,5,5,3,5,3,7,4,6,5,7,7,3,2,2,2,12,4,1,1,2,5,4,4,18,25,14,26,16,99,1,15.8
NSHD100249,healthy,76,5,5,3,5,3,7,4,6,5,7,7,3,2,2,2,12,4,1,1,2,5,4,4,18,25,14,26,16,99,1,14.2
NSHD100250,healthy,77,5,5,3,5,3,6,4,7,5,7,6,3,2,2,2,12,4,1,1,2,5,4,4,18,25,13,26,16,98,1,15.9
NSHD100251,healthy,76,5,5,3,5,3,7,4,7,5,6,6,3,2,2,2,12,4,1,1,2,5,4,4,18,26,12,26,16,98,1,16.0
NSHD100252,healthy,73,5,5,3,5,3,7,4,7,5,6,6,3,2,2,2,12,4,1,1,2,5,4,4,18,26,12,26,16,98,1,23.3
NSHD100253,mci,74,4,3,3,4,3,5,3,5,3,5,6,2,2,2,1,9,3,1,1,2,4,3,3,14,19,11,20,13,77,1,25.9
NSHD100254,mci,78,4,4,3,4,2,6,3,6,4,5,6,2,2,1,2,10,3,1,1,2,3,3,3,15,21,11,21,12,80,1,19.9
NSHD100255,healthy,72,5,5,3,5,3,7,4,7,5,7,6,3,2,2,2,11,4,1,1,2,5,4,4,18,26,13,25,16,98,1,20.3
NSHD100256,mci,79,4,4,2,3,2,5,3,5,4,5,6,3,2,2,2,9,3,1,1,2,4,3,3,13,19,11,22,13,78,1,22.2
NSHD100257,healthy,76,5,5,3,5,3,7,4,7,5,7,6,3,2,2,2,11,4,1,1,2,5,4,4,18,26,13,25,16,98,1,20.8
NSHD100258,healthy,77,5,5,3,5,3,6,4,6,5,7,7,3,2,2,2,12,4,1,1,2,5,4,4,18,24,14,26,16,98,1,20.4
NSHD100259,healthy,78,5,5,3,5,3,7,4,7,5,7,7,3,2,2,2,11,4,1,1,2,5,4,4,18,26,14,25,16,99,1,18.5
NSHD100260,healthy,75,5,5,3,5,3,6,4,7,5,7,7,3,2,2,2,11,4,1,1,2,5,4,4,18,25,14,25,16,98,1,15.4
NSHD100261,healthy,76,5,5,3,5,3,7,4,7,5,7,6,3,2,2,2,12,4,1,1,2,5,4,4,18,26,13,26,16,99,1,21.3
NSHD100262,healthy,79,5,5,3,5,3,7,4,7,5,7,7,3,2,2,2,12,4,1,1,2,5,4,4,18,26,14,26,16,100,1,17.3
NSHD100263,healthy,77,5,5,3,5,3,7,4,6,5,7,6,3,2,2,2,11,4,1,1,2,5,4,4,18,25,13,25,16,97,1,19.3
NSHD100264,dementia_risk,75,3,2,1,3,2,4,2,2,2,4,4,2,1,1,1,6,2,0,1,1,2,2,2,9,12,8,13,8,50,1,19.6
NSHD100265,healthy,77,5,5,3,5,3,7,4,7,5,7,7,3,2,2,2,11,4,1,1,2,5,4,4,18,26,14,25,16,99,1,16.6
NSHD100266,dementia_risk,78,3,2,1,3,2,4,2,2,3,4,4,1,1,1,1,6,2,1,1,1,2,2,2,9,13,8,13,8,51,1,19.6
NSHD100267,mci,76,4,4,2,4,3,6,3,5,4,5,5,2,2,1,2,9,3,1,1,2,3,3,3,14,21,10,20,12,77,1,19.1
NSHD100268,healthy,77,5,5,3,5,3,7,4,6,5,6,7,3,2,2,2,12,4,1,1,2,5,4,4,18,25,13,26,16,98,1,22.8
NSHD100269,mci,76,4,4,2,4,2,6,3,5,4,6,5,2,2,2,2,9,3,1,1,1,4,3,3,14,20,11,21,12,78,1,14.9
NSHD100270,healthy,79,5,5,3,5,3,6,4,7,5,6,7,3,2,2,2,12,4,1,1,2,5,4,4,18,25,13,26,16,98,1,17.3
NSHD100271,healthy,73,5,5,3,5,3,6,4,7,5,7,7,3,2,2,2,12,4,1,1,2,5,4,4,18,25,14,26,16,99,1,18.9
NSHD100272,healthy,78,5,5,3,5,3,7,4,7,5,7,7,3,2,2,2,11,4,1,1,2,5,4,4,18,26,14,25,16,99,1,16.8
NSHD100273,healthy,73,5,5,3,5,3,6,4,7,5,7,7,3,2,2,2,11,4,1,1,2,5,4,4,18,25,14,25,16,98,1,19.3
NSHD100274,healthy,77,5,5,3,5,3,6,4,7,5,7,7,3,2,2,2,12,4,1,1,2,5,4,4,18,25,14,26,16,99,1,19.6
NSHD100275,healthy,75,5,5,3,5,3,6,4,7,5,7,6,3,2,2,2,12,4,1,1,2,5,4,4,18,25,13,26,16,98,1,18.8
NSHD100276,mci,76,3,4,2,4,3,5,3,6,4,5,5,2,2,1,1,8,3,1,1,2,4,4,3,13,21,10,18,14,76,1,25.0
NSHD100277,healthy,76,5,5,3,5,3,7,4,6,5,7,6,3,2,2,2,12,4,1,1,2,5,4,4,18,25,13,26,16,98,1,20.1
NSHD100278,mci,76,4,4,3,4,2,6,3,5,4,6,5,2,1,1,2,9,3,1,1,2,4,3,3,15,20,11,19,13,78,1,15.2
NSHD100279,healthy,80,5,5,3,5,3,7,4,7,5,7,7,3,2,2,2,11,4,1,1,2,5,4,4,18,26,14,25,16,99,1,16.3
NSHD100280,healthy,76,5,5,3,5,3,6,4,7,5,6,7,3,2,2,2,11,4,1,1,2,5,4,4,18,25,13,25,16,97,1,18.1
NSHD100281,healthy,77,5,5,3,5,3,7,4,7,5,7,7,3,2,2,2,11,4,1,1,2,5,4,4,18,26,14,25,16,99,1,11.6
NSHD100282,healthy,76,5,5,3,5,3,6,4,7,5,7,6,3,2,2,2,11,4,1,1,2,5,4,4,18,25,13,25,16,97,1,18.0
NSHD100283,mci,76,4,4,2,4,2,5,3,5,4,5,6,2,1,2,2,9,3,1,1,1,4,4,3,14,19,11,20,13,77,1,16.9
NSHD100284,healthy,80,5,5,3,5,3,7,4,6,5,7,7,3,2,2,2,12,4,1,1,2,5,4,4,18,25,14,26,16,99,1,15.6
NSHD100285,dementia_risk,75,2,2,2,2,1,2,2,3,3,3,4,2,1,1,1,4,3,0,0,1,2,2,1,8,11,7,12,6,44,1,16.8
NSHD100286,healthy,77,5,5,3,5,3,7,4,6,5,7,7,3,2,2,2,11,4,1,1,2,5,4,4,18,25,14,25,16,98,1,17.8
NSHD100287,dementia_risk,80,2,2,2,3,1,3,2,4,3,3,2,2,1,1,1,5,1,1,1,1,3,2,1,9,13,5,12,8,47,1,15.0
NSHD100288,healthy,74,5,5,3,5,3,7,4,7,5,7,7,3,2,2,2,12,4,1,1,2,5,4,4,18,26,14,26,16,100,1,19.2
NSHD100289,healthy,79,5,5,3,5,3,7,4,7,5,7,7,3,2,2,2,11,4,1,1,2,5,4,4,18,26,14,25,16,99,1,17.5
NSHD100290,dementia_risk,78,2,2,1,2,1,4,2,3,3,4,4,2,1,1,1,5,2,1,0,1,2,2,2,7,13,8,13,7,48,1,19.1
NSHD100291,healthy,77,5,5,3,5,3,7,4,7,5,7,7,3,2,2,2,11,4,1,1,2,5,4,4,18,26,14,25,16,99,1,17.1
NSHD100292,mci,76,4,4,3,4,2,5,3,6,3,6,5,2,2,2,2,11,3,1,1,1,3,3,3,15,19,11,23,11,79,1,20.7
NSHD100293,mci,78,4,3,2,4,2,5,4,5,4,6,5,2,2,1,2,9,3,1,1,2,3,4,3,13,20,11,20,13,77,1,19.1
NSHD100294,healthy,78,5,5,3,5,3,7,4,6,5,6,6,3,2,2,2,12,4,1,1,2,5,4,4,18,25,12,26,16,97,1,21.1
NSHD100295,mci,76,4,3,2,4,2,5,3,5,4,5,6,2,2,1,2,9,3,1,1,1,4,4,3,13,19,11,20,13,76,1,21.8
NSHD100296,dementia_risk,78,3,2,1,2,1,3,1,4,3,3,4,2,1,1,1,7,2,1,0,1,2,2,2,8,12,7,15,7,49,1,19.0
NSHD100297,healthy,79,5,5,3,5,3,7,4,7,5,6,7,3,2,2,2,12,4,1,1,2,5,4,4,18,26,13,26,16,99,1,14.2
NSHD100298,healthy,80,5,5,3,5,3,7,4,7,5,7,6,3,2,2,2,11,4,1,1,2,5,4,4,18,26,13,25,16,98,1,18.6
NSHD100299,dementia_risk,78,2,2,1,2,1,3,1,4,3,3,2,1,1,1,1,4,2,1,1,1,3,2,3,7,12,5,11,10,45,1,19.7
NSHD100300,healthy,75,5,5,3,5,3,7,4,7,5,7,7,3,2,2,2,11,4,1,1,2,5,4,4,18,26,14,25,16,99,1,12.5
NSHD100301,healthy,77,5,5,3,5,3,7,4,6,5,7,7,3,2,2,2,12,4,1,1,2,5,4,4,18,25,14,26,16,99,1,19.9
NSHD100302,mci,75,4,4,2,4,2,5,3,5,3,5,6,3,2,1,1,10,3,1,1,1,4,3,3,14,18,11,21,12,76,1,17.0
NSHD100303,healthy,77,5,5,3,5,3,7,4,7,5,7,6,3,2,2,2,12,4,1,1,2,5,4,4,18,26,13,26,16,99,1,22.8
NSHD100304,healthy,78,5,5,3,5,3,7,4,7,5,7,7,3,2,2,2,12,4,1,1,2,5,4,4,18,26,14,26,16,100,1,20.6
NSHD100305,healthy,74,5,5,3,5,3,6,4,7,5,7,7,3,2,2,2,12,4,1,1,2,5,4,4,18,25,14,26,16,99,1,18.8
NSHD100306,healthy,79,5,5,3,5,3,7,4,7,5,7,7,3,2,2,2,11,4,1,1,2,5,4,4,18,26,14,25,16,99,1,16.7
NSHD100307,healthy,80,5,5,3,5,3,7,4,6,5,7,7,3,2,2,2,11,4,1,1,2,5,4,4,18,25,14,25,16,98,1,20.1
NSHD100308,healthy,77,5,5,3,5,3,7,4,7,5,6,7,3,2,2,2,12,4,1,1,2,5,4,4,18,26,13,26,16,99,1,20.8
NSHD100309,dementia_risk,76,2,2,1,2,1,4,2,4,2,4,4,1,1,1,1,6,2,0,0,1,3,3,2,7,13,8,12,9,49,1,16.4
NSHD100310,healthy,77,5,5,3,5,3,7,4,7,5,7,7,3,2,2,2,11,4,1,1,2,5,4,4,18,26,14,25,16,99,1,19.1
NSHD100311,healthy,76,5,5,3,5,3,6,4,7,5,6,7,3,2,2,2,12,4,1,1,2,5,4,4,18,25,13,26,16,98,1,15.7
NSHD100312,mci,80,4,4,3,4,2,5,3,6,4,6,5,3,2,1,1,8,3,1,1,2,3,3,3,15,20,11,19,12,77,1,20.6
NSHD100313,dementia_risk,77,2,2,2,3,1,3,2,4,2,4,3,1,1,1,1,7,2,0,0,1,2,2,2,9,12,7,13,7,48,1,18.4
NSHD100314,mci,76,4,3,3,4,2,6,3,6,4,6,5,3,1,2,2,10,3,1,1,2,4,4,3,14,21,11,22,14,82,1,17.2
NSHD100315,mci,80,4,4,3,4,2,5,3,6,3,6,5,2,2,2,2,10,3,1,1,1,4,3,3,15,19,11,22,12,79,1,18.3
NSHD100316,healthy,77,5,5,3,5,3,6,4,7,5,7,6,3,2,2,2,12,4,1,1,2,5,4,4,18,25,13,26,16,98,1,14.4
NSHD100317,healthy,80,5,5,3,5,3,7,4,6,5,7,6,3,2,2,2,11,4,1,1,2,5,4,4,18,25,13,25,16,97,1,17.5
NSHD100318,healthy,75,5,5,3,5,3,7,4,7,5,7,7,3,2,2,2,11,4,1,1,2,5,4,4,18,26,14,25,16,99,1,19.8
NSHD100319,mci,78,3,3,2,4,2,6,3,5,4,5,6,2,1,2,2,10,3,1,1,2,4,4,3,12,20,11,21,14,78,1,19.4
NSHD100320,healthy,77,5,5,3,5,3,7,4,6,5,6,7,3,2,2,2,11,4,1,1,2,5,4,4,18,25,13,25,16,97,1,19.6
NSHD100321,dementia_risk,77,2,3,2,3,1,2,3,3,2,4,2,1,1,1,1,6,2,0,0,1,2,1,2,10,11,6,12,6,45,1,17.0
NSHD100322,dementia_risk,76,3,2,2,2,2,3,2,4,3,3,4,2,1,1,1,5,2,1,0,1,3,2,1,9,14,7,13,7,50,1,19.3
NSHD100323,healthy,76,5,5,3,5,3,7,4,6,5,7,6,3,2,2,2,11,4,1,1,2,5,4,4,18,25,13,25,16,97,1,18.4
NSHD100324,healthy,78,5,5,3,5,3,7,4,7,5,7,7,3,2,2,2,12,4,1,1,2,5,4,4,18,26,14,26,16,100,1,19.0
NSHD100325,mci,77,4,4,3,4,2,6,4,6,4,5,5,2,2,2,2,9,3,1,1,2,4,3,3,15,22,10,21,13,81,1,22.6
NSHD100326,healthy,76,5,5,3,5,3,7,4,7,5,7,7,3,2,2,2,11,4,1,1,2,5,4,4,18,26,14,25,16,99,1,20.5
NSHD100327,healthy,78,5,5,3,5,3,7,4,6,5,6,7,3,2,2,2,11,4,1,1,2,5,4,4,18,25,13,25,16,97,1,19.6
NSHD100328,healthy,78,5,5,3,5,3,7,4,7,5,7,7,3,2,2,2,11,4,1,1,2,5,4,4,18,26,14,25,16,99,1,21.2
NSHD100329,mci,75,4,4,2,3,2,5,3,6,4,5,6,2,2,2,2,9,3,1,1,2,4,3,3,13,20,11,21,13,78,1,19.3
NSHD100330,dementia_risk,79,3,2,1,2,1,4,2,3,2,3,4,1,1,1,1,5,2,0,0,1,3,1,2,8,12,7,11,7,45,1,17.4
NSHD100331,dementia_risk,78,3,2,1,2,1,3,2,3,3,3,4,1,1,1,1,5,2,0,1,1,2,2,2,8,12,7,11,8,46,1,19.4
NSHD100332,healthy,76,5,5,3,5,3,6,4,6,5,7,6,3,2,2,2,12,4,1,1,2,5,4,4,18,24,13,26,16,97,1,13.0
NSHD100333,healthy,74,5,5,3,5,3,7,4,7,5,7,6,3,2,2,2,11,4,1,1,2,5,4,4,18,26,13,25,16,98,1,16.2
NSHD100334,mci,75,4,4,2,3,2,5,3,5,4,6,5,3,2,1,2,9,3,1,1,1,3,3,3,13,19,11,21,11,75,1,18.2
NSHD100335,mci,75,4,3,3,4,2,6,3,6,4,6,6,3,1,2,1,10,3,1,1,2,4,3,3,14,21,12,21,13,81,1,20.4
NSHD100336,mci,77,4,4,2,4,2,5,3,6,3,5,6,2,1,1,1,9,3,1,1,1,4,4,3,14,19,11,18,13,75,1,17.0
NSHD100337,healthy,76,5,5,3,5,3,7,4,6,5,6,7,3,2,2,2,12,4,1,1,2,5,4,4,18,25,13,26,16,98,1,14.0
NSHD100338,healthy,77,5,5,3,5,3,7,4,7,5,7,6,3,2,2,2,12,4,1,1,2,5,4,4,18,26,13,26,16,99,1,19.2
NSHD100339,dementia_risk,75,2,3,2,3,2,3,2,4,3,2,4,1,1,1,1,7,2,1,1,1,2,1,2,10,14,6,14,7,51,1,21.2
NSHD100340,healthy,76,5,5,3,5,3,7,4,6,5,7,6,3,2,2,2,11,4,1,1,2,5,4,4,18,25,13,25,16,97,1,16.7
NSHD100341,healthy,73,5,5,3,5,3,7,4,6,5,7,6,3,2,2,2,11,4,1,1,2,5,4,4,18,25,13,25,16,97,1,17.6
NSHD100342,dementia_risk,77,2,2,2,3,1,2,3,3,3,4,2,2,1,1,1,4,1,0,1,1,2,2,2,9,12,6,10,8,45,1,23.2
NSHD100343,healthy,76,5,5,3,5,3,7,4,7,5,6,7,3,2,2,2,12,4,1,1,2,5,4,4,18,26,13,26,16,99,1,21.0
NSHD100344,healthy,78,5,5,3,5,3,7,4,7,5,7,6,3,2,2,2,11,4,1,1,2,5,4,4,18,26,13,25,16,98,1,21.9
NSHD100345,mci,76,4,3,2,4,2,5,3,5,4,6,5,2,1,1,1,10,3,1,1,1,4,3,3,13,19,11,19,12,74,1,21.5
NSHD100346,mci,79,4,4,3,4,2,5,3,5,4,6,6,2,2,1,2,9,3,1,1,1,4,3,3,15,19,12,20,12,78,1,21.2
NSHD100347,mci,73,4,4,2,4,2,5,3,5,4,5,6,2,2,2,1,8,3,1,1,1,4,3,3,14,19,11,19,12,75,1,20.7
NSHD100348,mci,77,4,4,2,3,2,6,3,6,4,6,6,2,1,2,2,9,3,1,1,2,4,3,3,13,21,12,20,13,79,1,21.3
NSHD100349,mci,77,3,4,2,3,2,5,3,5,3,5,6,3,2,1,2,10,3,1,1,1,4,4,3,12,18,11,22,13,76,1,23.1
NSHD100350,mci,75,3,3,2,4,2,5,3,5,4,5,5,2,1,2,2,10,3,1,1,1,4,3,3,12,19,10,21,12,74,1,18.8
NSHD100351,mci,74,4,4,2,4,2,6,3,5,4,5,6,2,2,1,2,9,3,1,1,1,4,3,3,14,20,11,20,12,77,1,17.9
NSHD100352,dementia_risk,80,3,2,1,2,1,4,1,4,2,3,2,1,1,1,1,8,1,0,1,1,2,1,2,8,12,5,13,7,45,1,17.0
NSHD100353,healthy,82,5,5,3,5,3,7,4,7,5,7,7,3,2,2,2,11,4,1,1,2,5,4,4,18,26,14,25,16,99,1,16.5
NSHD100354,healthy,75,5,5,3,5,3,6,4,7,5,7,7,3,2,2,2,11,4,1,1,2,5,4,4,18,25,14,25,16,98,1,19.3
NSHD100355,healthy,81,5,5,3,5,3,7,4,6,5,6,7,3,2,2,2,11,4,1,1,2,5,4,4,18,25,13,25,16,97,1,17.4
NSHD100356,dementia_risk,78,3,2,2,3,2,3,1,4,3,3,4,1,1,1,1,6,2,1,1,1,2,2,2,10,13,7,13,8,51,1,18.4
NSHD100357,healthy,79,5,5,3,5,3,6,4,7,5,7,7,3,2,2,2,11,4,1,1,2,5,4,4,18,25,14,25,16,98,1,20.0
NSHD100358,healthy,75,5,5,3,5,3,7,4,7,5,7,7,3,2,2,2,11,4,1,1,2,5,4,4,18,26,14,25,16,99,1,16.0
NSHD100359,healthy,75,5,5,3,5,3,7,4,7,5,6,6,3,2,2,2,11,4,1,1,2,5,4,4,18,26,12,25,16,97,1,17.1
NSHD100360,dementia_risk,76,2,3,1,2,1,3,1,4,3,3,3,1,1,1,1,7,2,1,0,1,3,2,2,8,12,6,14,8,48,1,21.1
NSHD100361,healthy,75,5,5,3,5,3,7,4,7,5,7,7,3,2,2,2,11,4,1,1,2,5,4,4,18,26,14,25,16,99,1,17.5
NSHD100362,healthy,74,5,5,3,5,3,6,4,7,5,7,6,3,2,2,2,11,4,1,1,2,5,4,4,18,25,13,25,16,97,1,19.5
NSHD100363,healthy,75,5,5,3,5,3,6,4,7,5,7,6,3,2,2,2,12,4,1,1,2,5,4,4,18,25,13,26,16,98,1,20.7
NSHD100364,healthy,73,5,5,3,5,3,6,4,6,5,7,7,3,2,2,2,12,4,1,1,2,5,4,4,18,24,14,26,16,98,1,19.9
NSHD100365,healthy,76,5,5,3,5,3,6,4,7,5,7,7,3,2,2,2,12,4,1,1,2,5,4,4,18,25,14,26,16,99,1,21.5
NSHD100366,healthy,79,5,5,3,5,3,6,4,7,5,6,6,3,2,2,2,11,4,1,1,2,5,4,4,18,25,12,25,16,96,1,15.9
NSHD100367,mci,74,3,4,2,4,3,6,3,6,4,5,6,2,1,2,2,9,3,1,1,1,4,3,3,13,22,11,20,12,78,1,18.1
NSHD100368,healthy,79,5,5,3,5,3,7,4,7,5,7,7,3,2,2,2,11,4,1,1,2,5,4,4,18,26,14,25,16,99,1,20.6
NSHD100369,mci,77,4,4,2,4,2,5,3,6,4,5,6,2,1,1,1,10,3,1,1,1,3,3,3,14,20,11,19,11,75,1,20.2
NSHD100370,healthy,79,5,5,3,5,3,7,4,7,5,7,6,3,2,2,2,11,4,1,1,2,5,4,4,18,26,13,25,16,98,1,15.8
NSHD100371,mci,80,4,4,2,3,2,6,3,6,4,6,5,2,1,2,2,9,3,1,1,2,4,3,3,13,21,11,20,13,78,1,15.8
NSHD100372,mci,72,4,4,2,4,2,5,4,5,3,5,5,2,2,2,2,10,3,1,1,2,4,3,4,14,19,10,22,14,79,1,20.5
NSHD100373,healthy,76,5,5,3,5,3,7,4,7,5,7,6,3,2,2,2,12,4,1,1,2,5,4,4,18,26,13,26,16,99,1,16.7
NSHD100374,healthy,77,5,5,3,5,3,6,4,7,5,7,7,3,2,2,2,11,4,1,1,2,5,4,4,18,25,14,25,16,98,1,21.3
NSHD100375,mci,76,4,4,3,4,2,5,3,5,3,5,6,2,2,2,1,8,3,1,1,2,4,3,3,15,18,11,19,13,76,1,19.0
NSHD100376,healthy,81,5,5,3,5,3,7,4,6,5,7,7,3,2,2,2,11,4,1,1,2,5,4,4,18,25,14,25,16,98,1,18.7
NSHD100377,healthy,75,5,5,3,5,3,7,4,6,5,7,7,3,2,2,2,12,4,1,1,2,5,4,4,18,25,14,26,16,99,1,25.5
NSHD100378,healthy,76,5,5,3,5,3,7,4,7,5,7,7,3,2,2,2,11,4,1,1,2,5,4,4,18,26,14,25,16,99,1,17.3
NSHD100379,healthy,81,5,5,3,5,3,7,4,7,5,7,7,3,2,2,2,11,4,1,1,2,5,4,4,18,26,14,25,16,99,1,19.9
NSHD100380,healthy,75,5,5,3,5,3,6,4,7,5,7,7,3,2,2,2,11,4,1,1,2,5,4,4,18,25,14,25,16,98,1,20.5
NSHD100381,mci,79,4,4,2,4,2,6,3,6,4,6,6,2,2,1,2,9,3,1,1,1,3,3,3,14,21,12,20,11,78,1,23.2
NSHD100382,mci,78,4,4,2,4,3,5,3,5,3,5,6,3,2,2,2,9,3,1,1,2,3,3,3,14,19,11,22,12,78,1,21.6
NSHD100383,healthy,78,5,5,3,5,3,7,4,7,5,6,7,3,2,2,2,11,4,1,1,2,5,4,4,18,26,13,25,16,98,1,18.9
NSHD100384,healthy,78,5,5,3,5,3,6,4,7,5,7,7,3,2,2,2,12,4,1,1,2,5,4,4,18,25,14,26,16,99,1,17.5
NSHD100385,healthy,78,5,5,3,5,3,7,4,7,5,6,7,3,2,2,2,12,4,1,1,2,5,4,4,18,26,13,26,16,99,1,17.8
NSHD100386,healthy,82,5,5,3,5,3,7,4,7,5,7,7,3,2,2,2,11,4,1,1,2,5,4,4,18,26,14,25,16,99,1,14.2
NSHD100387,healthy,76,5,5,3,5,3,7,4,6,5,7,7,3,2,2,2,12,4,1,1,2,5,4,4,18,25,14,26,16,99,1,18.7
NSHD100388,healthy,78,5,5,3,5,3,7,4,7,5,6,7,3,2,2,2,11,4,1,1,2,5,4,4,18,26,13,25,16,98,1,18.2
NSHD100389,healthy,76,5,5,3,5,3,7,4,7,5,7,7,3,2,2,2,12,4,1,1,2,5,4,4,18,26,14,26,16,100,1,18.8
NSHD100390,dementia_risk,74,2,2,1,2,2,4,1,2,3,4,2,1,1,1,1,6,2,1,1,1,3,1,2,7,12,6,13,8,46,1,19.2
NSHD100391,healthy,77,5,5,3,5,3,7,4,6,5,6,7,3,2,2,2,11,4,1,1,2,5,4,4,18,25,13,25,16,97,1,20.1
NSHD100392,healthy,75,5,5,3,5,3,6,4,7,5,7,7,3,2,2,2,11,4,1,1,2,5,4,4,18,25,14,25,16,98,1,14.0
NSHD100393,healthy,75,5,5,3,5,3,7,4,6,5,7,6,3,2,2,2,11,4,1,1,2,5,4,4,18,25,13,25,16,97,1,22.4
NSHD100394,dementia_risk,78,3,2,1,2,1,3,2,4,2,2,3,1,1,1,1,5,2,0,1,1,2,2,1,8,12,5,11,7,43,1,19.0
NSHD100395,healthy,77,5,5,3,5,3,7,4,7,5,7,6,3,2,2,2,11,4,1,1,2,5,4,4,18,26,13,25,16,98,1,13.4
NSHD100396,healthy,78,5,5,3,5,3,7,4,6,5,7,7,3,2,2,2,12,4,1,1,2,5,4,4,18,25,14,26,16,99,1,13.2
NSHD100397,healthy,72,5,5,3,5,3,7,4,7,5,6,6,3,2,2,2,12,4,1,1,2,5,4,4,18,26,12,26,16,98,1,13.1
NSHD100398,dementia_risk,78,2,2,2,2,2,3,2,3,2,2,4,2,1,1,1,6,2,0,0,1,2,2,2,8,12,6,13,7,46,1,19.7
NSHD100399,healthy,82,5,5,3,5,3,7,4,6,5,7,7,3,2,2,2,11,4,1,1,2,5,4,4,18,25,14,25,16,98,1,14.8
NSHD100400,mci,78,4,4,3,4,2,5,3,5,4,6,5,2,1,2,2,10,3,1,1,2,4,3,3,15,19,11,21,13,79,1,16.3
NSHD100401,mci,75,3,4,2,3,2,6,3,5,3,6,6,2,1,2,2,10,3,1,1,2,4,3,3,12,19,12,21,13,77,1,14.2
NSHD100402,healthy,75,5,5,3,5,3,6,4,7,5,7,7,3,2,2,2,12,4,1,1,2,5,4,4,18,25,14,26,16,99,1,20.8
NSHD100403,healthy,76,5,5,3,5,3,6,4,7,5,7,6,3,2,2,2,11,4,1,1,2,5,4,4,18,25,13,25,16,97,1,14.8
NSHD100404,healthy,76,5,5,3,5,3,7,4,7,5,6,7,3,2,2,2,11,4,1,1,2,5,4,4,18,26,13,25,16,98,1,17.8
NSHD100405,dementia_risk,76,3,3,1,2,2,2,2,3,2,3,3,2,1,1,1,7,2,0,1,1,2,1,2,9,11,6,14,7,47,1,20.0
NSHD100406,mci,77,4,4,2,4,3,5,3,5,4,5,5,2,1,1,2,9,3,1,1,2,4,3,3,14,20,10,19,13,76,1,18.7
NSHD100407,healthy,79,5,5,3,5,3,7,4,6,5,7,7,3,2,2,2,11,4,1,1,2,5,4,4,18,25,14,25,16,98,1,18.8
NSHD100408,healthy,77,5,5,3,5,3,7,4,6,5,7,7,3,2,2,2,12,4,1,1,2,5,4,4,18,25,14,26,16,99,1,22.7
NSHD100409,mci,79,3,4,3,3,2,5,3,5,4,5,5,2,2,1,2,10,3,1,1,2,3,3,3,13,19,10,21,12,75,1,22.0
NSHD100410,healthy,76,5,5,3,5,3,7,4,7,5,6,7,3,2,2,2,11,4,1,1,2,5,4,4,18,26,13,25,16,98,1,15.5
NSHD100411,healthy,77,5,5,3,5,3,7,4,7,5,7,7,3,2,2,2,11,4,1,1,2,5,4,4,18,26,14,25,16,99,1,22.0
NSHD100412,healthy,78,5,5,3,5,3,6,4,6,5,7,7,3,2,2,2,12,4,1,1,2,5,4,4,18,24,14,26,16,98,1,13.8
NSHD100413,healthy,75,5,5,3,5,3,7,4,7,5,7,7,3,2,2,2,11,4,1,1,2,5,4,4,18,26,14,25,16,99,1,18.1
NSHD100414,healthy,78,5,5,3,5,3,6,4,6,5,7,6,3,2,2,2,11,4,1,1,2,5,4,4,18,24,13,25,16,96,1,22.2
NSHD100415,healthy,73,5,5,3,5,3,6,4,7,5,7,7,3,2,2,2,11,4,1,1,2,5,4,4,18,25,14,25,16,98,1,19.3
NSHD100416,mci,79,4,4,3,4,3,6,3,6,4,6,5,2,1,1,2,8,3,1,1,1,4,3,3,15,22,11,18,12,78,1,16.6
NSHD100417,healthy,75,5,5,3,5,3,7,4,7,5,7,6,3,2,2,2,12,4,1,1,2,5,4,4,18,26,13,26,16,99,1,17.4
NSHD100418,healthy,77,5,5,3,5,3,7,4,7,5,7,7,3,2,2,2,11,4,1,1,2,5,4,4,18,26,14,25,16,99,1,20.1
NSHD100419,healthy,79,5,5,3,5,3,6,4,6,5,7,7,3,2,2,2,12,4,1,1,2,5,4,4,18,24,14,26,16,98,1,14.6
NSHD100420,healthy,76,5,5,3,5,3,7,4,6,5,7,7,3,2,2,2,12,4,1,1,2,5,4,4,18,25,14,26,16,99,1,18.8
NSHD100421,dementia_risk,81,3,2,2,3,1,3,3,4,2,4,4,1,1,1,1,7,2,0,0,1,2,2,2,10,13,8,13,7,51,1,14.3
NSHD100422,mci,75,4,4,2,4,3,6,3,6,4,5,5,2,1,2,2,10,3,1,1,1,4,3,3,14,22,10,21,12,79,1,20.5
NSHD100423,healthy,74,5,5,3,5,3,7,4,6,5,6,7,3,2,2,2,11,4,1,1,2,5,4,4,18,25,13,25,16,97,1,15.8
NSHD100424,healthy,80,5,5,3,5,3,7,4,7,5,7,7,3,2,2,2,12,4,1,1,2,5,4,4,18,26,14,26,16,100,1,20.4
NSHD100425,mci,79,4,4,2,4,3,6,3,6,4,5,5,2,1,2,1,10,3,1,1,1,4,3,3,14,22,10,20,12,78,1,18.1
NSHD100426,healthy,79,5,5,3,5,3,6,4,6,5,7,7,3,2,2,2,12,4,1,1,2,5,4,4,18,24,14,26,16,98,1,18.7
NSHD100427,dementia_risk,74,2,3,1,3,2,3,1,4,2,4,4,2,1,1,1,5,2,0,1,1,3,2,2,9,12,8,12,9,50,1,14.6
NSHD100428,mci,74,4,4,2,4,3,6,3,5,3,5,5,2,2,2,1,8,3,1,1,1,4,3,3,14,20,10,19,12,75,1,20.1
NSHD100429,healthy,76,5,5,3,5,3,7,4,6,5,7,6,3,2,2,2,11,4,1,1,2,5,4,4,18,25,13,25,16,97,1,20.7
NSHD100430,healthy,76,5,5,3,5,3,7,4,6,5,6,7,3,2,2,2,11,4,1,1,2,5,4,4,18,25,13,25,16,97,1,17.4
NSHD100431,healthy,76,5,5,3,5,3,7,4,7,5,7,7,3,2,2,2,11,4,1,1,2,5,4,4,18,26,14,25,16,99,1,17.2
NSHD100432,dementia_risk,75,3,2,2,3,2,4,2,3,2,3,3,1,1,1,1,6,2,1,1,1,2,2,1,10,13,6,13,7,49,1,20.4
NSHD100433,dementia_risk,79,2,3,1,2,1,4,3,4,3,3,2,2,1,1,1,5,3,0,0,1,3,3,2,8,15,5,13,9,50,1,17.5
NSHD100434,healthy,76,5,5,3,5,3,6,4,7,5,7,7,3,2,2,2,12,4,1,1,2,5,4,4,18,25,14,26,16,99,1,19.5
NSHD100435,healthy,75,5,5,3,5,3,6,4,7,5,6,7,3,2,2,2,12,4,1,1,2,5,4,4,18,25,13,26,16,98,1,19.7
NSHD100436,dementia_risk,79,2,2,1,3,2,2,2,3,3,2,3,1,1,1,1,7,3,0,1,1,2,1,2,8,12,5,14,7,46,1,21.5
NSHD100437,healthy,74,5,5,3,5,3,6,4,7,5,6,6,3,2,2,2,11,4,1,1,2,5,4,4,18,25,12,25,16,96,1,22.1
NSHD100438,healthy,76,5,5,3,5,3,7,4,7,5,7,6,3,2,2,2,11,4,1,1,2,5,4,4,18,26,13,25,16,98,1,16.3
NSHD100439,mci,81,4,3,2,4,2,5,3,6,4,6,5,2,1,1,2,8,3,1,1,2,3,3,3,13,20,11,18,12,74,1,20.6
NSHD100440,healthy,78,5,5,3,5,3,6,4,7,5,7,7,3,2,2,2,11,4,1,1,2,5,4,4,18,25,14,25,16,98,1,15.3
NSHD100441,healthy,75,5,5,3,5,3,7,4,6,5,7,7,3,2,2,2,11,4,1,1,2,5,4,4,18,25,14,25,16,98,1,19.4
NSHD100442,dementia_risk,75,3,2,2,2,2,3,1,3,2,4,3,1,1,1,1,5,3,0,1,1,3,1,2,9,11,7,12,8,47,1,14.9
NSHD100443,healthy,77,5,5,3,5,3,6,4,7,5,6,6,3,2,2,2,12,4,1,1,2,5,4,4,18,25,12,26,16,97,1,16.5
NSHD100444,healthy,79,5,5,3,5,3,7,4,7,5,6,6,3,2,2,2,11,4,1,1,2,5,4,4,18,26,12,25,16,97,1,20.6
NSHD100445,mci,77,4,4,2,4,2,5,3,5,4,6,5,2,1,1,1,9,3,1,1,2,4,3,3,14,19,11,18,13,75,1,16.4
NSHD100446,healthy,73,5,5,3,5,3,7,4,7,5,7,7,3,2,2,2,12,4,1,1,2,5,4,4,18,26,14,26,16,100,1,18.4
NSHD100447,healthy,76,5,5,3,5,3,7,4,7,5,6,7,3,2,2,2,11,4,1,1,2,5,4,4,18,26,13,25,16,98,1,16.7
NSHD100448,mci,77,3,4,3,4,2,6,3,5,4,5,5,2,1,2,1,9,3,1,1,2,4,3,3,14,20,10,19,13,76,1,20.0
NSHD100449,mci,75,4,3,2,4,2,5,3,6,3,6,5,2,2,2,1,8,4,1,1,1,3,3,3,13,19,11,20,11,74,1,20.4
NSHD100450,mci,74,4,4,3,4,3,5,4,5,4,5,5,3,1,2,1,8,3,1,1,1,4,3,3,15,21,10,19,12,77,1,21.4
NSHD100451,mci,79,4,4,2,3,3,6,3,6,3,6,5,2,2,1,2,10,3,1,1,1,4,3,3,13,21,11,21,12,78,1,15.8
NSHD100452,dementia_risk,79,3,2,1,2,2,2,3,2,2,4,4,1,1,1,1,5,2,1,0,1,2,2,2,8,11,8,12,7,46,1,19.2
NSHD100453,healthy,77,5,5,3,5,3,6,4,7,5,6,6,3,2,2,2,12,4,1,1,2,5,4,4,18,25,12,26,16,97,1,13.6
NSHD100454,healthy,77,5,5,3,5,3,6,4,7,5,7,7,3,2,2,2,11,4,1,1,2,5,4,4,18,25,14,25,16,98,1,18.2
NSHD100455,dementia_risk,75,2,3,1,2,2,4,2,3,2,3,4,2,1,1,1,4,2,0,1,1,2,3,1,8,13,7,11,8,47,1,23.0
NSHD100456,mci,75,4,4,2,4,2,5,3,5,4,5,6,2,2,1,1,11,3,1,1,1,4,3,3,14,19,11,21,12,77,1,18.4
NSHD100457,mci,80,4,4,2,4,3,5,3,6,4,5,5,3,1,1,2,9,3,1,1,1,4,3,3,14,21,10,20,12,77,1,23.4
NSHD100458,mci,79,4,4,2,4,2,6,3,6,4,6,5,2,2,1,2,10,3,1,1,1,3,3,3,14,21,11,21,11,78,1,12.8
NSHD100459,healthy,77,5,5,3,5,3,7,4,7,5,7,6,3,2,2,2,12,4,1,1,2,5,4,4,18,26,13,26,16,99,1,19.7
NSHD100460,mci,75,4,4,2,4,2,6,3,5,4,5,6,3,1,1,2,8,3,1,1,1,4,3,3,14,20,11,19,12,76,1,14.4
NSHD100461,mci,75,4,4,2,4,3,6,3,5,4,5,6,3,2,1,2,9,3,1,1,2,4,3,3,14,21,11,21,13,80,1,20.6
NSHD100462,mci,77,4,3,3,3,3,6,3,6,4,6,5,3,1,2,1,9,4,1,1,1,4,3,3,13,22,11,21,12,79,1,18.0
NSHD100463,healthy,75,5,5,3,5,3,7,4,7,5,7,7,3,2,2,2,11,4,1,1,2,5,4,4,18,26,14,25,16,99,1,22.2
NSHD100464,healthy,73,5,5,3,5,3,7,4,6,5,7,7,3,2,2,2,12,4,1,1,2,5,4,4,18,25,14,26,16,99,1,15.8
NSHD100465,dementia_risk,76,2,3,1,2,2,4,2,3,3,3,2,1,1,1,1,5,2,0,0,1,2,2,2,8,14,5,11,7,45,1,18.8
NSHD100466,dementia_risk,77,3,3,1,2,2,4,2,3,3,2,4,2,1,1,1,8,2,0,0,1,3,2,2,9,14,6,15,8,52,1,14.6
NSHD100467,mci,75,4,4,2,3,2,5,3,6,3,5,5,2,1,2,1,10,3,1,1,2,4,3,3,13,19,10,20,13,75,1,16.0
NSHD100468,mci,82,4,4,2,4,2,6,3,6,3,5,6,2,1,2,2,9,3,1,1,2,4,3,3,14,20,11,20,13,78,1,15.9
NSHD100469,healthy,77,5,5,3,5,3,7,4,7,5,7,7,3,2,2,2,12,4,1,1,2,5,4,4,18,26,14,26,16,100,1,16.9
NSHD100470,healthy,77,5,5,3,5,3,6,4,7,5,7,6,3,2,2,2,11,4,1,1,2,5,4,4,18,25,13,25,16,97,1,15.5
NSHD100471,healthy,79,5,5,3,5,3,6,4,7,5,7,7,3,2,2,2,12,4,1,1,2,5,4,4,18,25,14,26,16,99,1,16.0
NSHD100472,healthy,76,5,5,3,5,3,6,4,7,5,7,7,3,2,2,2,11,4,1,1,2,5,4,4,18,25,14,25,16,98,1,18.9
NSHD100473,healthy,76,5,5,3,5,3,6,4,7,5,7,7,3,2,2,2,11,4,1,1,2,5,4,4,18,25,14,25,16,98,1,21.0
NSHD100474,healthy,79,5,5,3,5,3,7,4,6,5,7,7,3,2,2,2,11,4,1,1,2,5,4,4,18,25,14,25,16,98,1,19.1
NSHD100475,dementia_risk,78,3,3,2,3,2,3,2,2,2,3,4,2,1,1,1,6,1,1,1,1,3,2,2,11,11,7,13,9,51,1,18.6
NSHD100476,healthy,80,5,5,3,5,3,7,4,6,5,6,7,3,2,2,2,11,4,1,1,2,5,4,4,18,25,13,25,16,97,1,15.8
NSHD100477,healthy,79,5,5,3,5,3,7,4,6,5,6,7,3,2,2,2,11,4,1,1,2,5,4,4,18,25,13,25,16,97,1,13.8
NSHD100478,healthy,79,5,5,3,5,3,7,4,7,5,6,6,3,2,2,2,11,4,1,1,2,5,4,4,18,26,12,25,16,97,1,17.8
NSHD100479,healthy,76,5,5,3,5,3,7,4,7,5,6,6,3,2,2,2,12,4,1,1,2,5,4,4,18,26,12,26,16,98,1,17.5
NSHD100480,healthy,74,5,5,3,5,3,6,4,6,5,7,7,3,2,2,2,11,4,1,1,2,5,4,4,18,24,14,25,16,97,1,24.6
NSHD100481,healthy,74,5,5,3,5,3,7,4,6,5,6,7,3,2,2,2,12,4,1,1,2,5,4,4,18,25,13,26,16,98,1,20.5
NSHD100482,mci,77,3,4,2,3,2,5,3,5,4,5,6,2,2,2,1,9,3,1,1,2,4,3,3,12,19,11,20,13,75,1,15.0
NSHD100483,healthy,80,5,5,3,5,3,6,4,6,5,7,7,3,2,2,2,11,4,1,1,2,5,4,4,18,24,14,25,16,97,1,17.1
NSHD100484,healthy,78,5,5,3,5,3,7,4,7,5,7,7,3,2,2,2,11,4,1,1,2,5,4,4,18,26,14,25,16,99,1,17.7
NSHD100485,healthy,81,5,5,3,5,3,6,4,7,5,6,7,3,2,2,2,12,4,1,1,2,5,4,4,18,25,13,26,16,98,1,14.4
NSHD100486,healthy,78,5,5,3,5,3,6,4,7,5,7,6,3,2,2,2,11,4,1,1,2,5,4,4,18,25,13,25,16,97,1,17.2
NSHD100487,healthy,80,5,5,3,5,3,7,4,7,5,7,7,3,2,2,2,12,4,1,1,2,5,4,4,18,26,14,26,16,100,1,19.3
NSHD100488,healthy,79,5,5,3,5,3,7,4,6,5,7,7,3,2,2,2,12,4,1,1,2,5,4,4,18,25,14,26,16,99,1,22.2
NSHD100489,healthy,78,5,5,3,5,3,7,4,7,5,7,6,3,2,2,2,11,4,1,1,2,5,4,4,18,26,13,25,16,98,1,18.8
NSHD100490,dementia_risk,78,3,3,1,2,1,4,2,3,3,4,3,2,1,1,1,7,2,1,0,1,3,1,2,9,13,7,15,7,51,1,21.5
NSHD100491,healthy,73,5,5,3,5,3,7,4,7,5,7,7,3,2,2,2,11,4,1,1,2,5,4,4,18,26,14,25,16,99,1,15.6
NSHD100492,mci,76,4,4,2,3,2,6,3,5,3,6,6,2,2,1,1,9,3,1,1,1,4,4,3,13,19,12,19,13,76,1,18.9
NSHD100493,healthy,74,5,5,3,5,3,7,4,7,5,7,6,3,2,2,2,11,4,1,1,2,5,4,4,18,26,13,25,16,98,1,18.8
NSHD100494,mci,78,4,4,2,4,2,5,3,5,4,5,6,3,2,2,2,9,3,1,1,2,4,3,3,14,19,11,22,13,79,1,13.8
NSHD100495,healthy,78,5,5,3,5,3,7,4,7,5,7,7,3,2,2,2,11,4,1,1,2,5,4,4,18,26,14,25,16,99,1,15.9
NSHD100496,healthy,78,5,5,3,5,3,7,4,7,5,7,7,3,2,2,2,11,4,1,1,2,5,4,4,18,26,14,25,16,99,1,20.1
NSHD100497,healthy,73,5,5,3,5,3,6,4,6,5,7,6,3,2,2,2,11,4,1,1,2,5,4,4,18,24,13,25,16,96,1,19.7
NSHD100498,healthy,77,5,5,3,5,3,7,4,6,5,6,7,3,2,2,2,11,4,1,1,2,5,4,4,18,25,13,25,16,97,1,17.9
NSHD100499,healthy,79,5,5,3,5,3,7,4,6,5,6,6,3,2,2,2,11,4,1,1,2,5,4,4,18,25,12,25,16,96,1,14.4
NSHD100500,healthy,76,5,5,3,5,3,7,4,7,5,6,7,3,2,2,2,11,4,1,1,2,5,4,4,18,26,13,25,16,98,1,18.3
NSHD100501,healthy,80,5,5,3,5,3,7,4,7,5,7,7,3,2,2,2,11,4,1,1,2,5,4,4,18,26,14,25,16,99,1,19.1
NSHD100502,healthy,78,5,5,3,5,3,7,4,7,5,7,7,3,2,2,2,11,4,1,1,2,5,4,4,18,26,14,25,16,99,1,20.5
NSHD100503,healthy,75,5,5,3,5,3,7,4,6,5,7,7,3,2,2,2,12,4,1,1,2,5,4,4,18,25,14,26,16,99,1,21.2
NSHD100504,mci,76,3,4,2,4,2,5,3,5,4,5,5,2,2,2,2,10,3,1,1,1,4,4,3,13,19,10,22,13,77,1,16.6
NSHD100505,healthy,79,5,5,3,5,3,7,4,7,5,6,7,3,2,2,2,12,4,1,1,2,5,4,4,18,26,13,26,16,99,1,10.8
NSHD100506,mci,79,4,4,2,4,2,5,3,6,4,5,5,2,2,1,2,11,3,1,1,2,4,3,4,14,20,10,22,14,80,1,21.5
NSHD100507,mci,78,4,4,3,4,2,6,3,5,4,6,6,3,2,1,2,9,3,1,1,1,4,3,3,15,20,12,21,12,80,1,16.3
NSHD100508,healthy,76,5,5,3,5,3,7,4,6,5,7,6,3,2,2,2,12,4,1,1,2,5,4,4,18,25,13,26,16,98,1,16.4
NSHD100509,dementia_risk,75,2,3,1,2,1,3,2,3,3,2,3,1,1,1,1,7,2,0,0,1,3,2,3,8,12,5,13,9,47,1,19.6
NSHD100510,healthy,78,5,5,3,5,3,7,4,7,5,7,6,3,2,2,2,12,4,1,1,2,5,4,4,18,26,13,26,16,99,1,18.6
NSHD100511,healthy,75,5,5,3,5,3,7,4,7,5,7,6,3,2,2,2,12,4,1,1,2,5,4,4,18,26,13,26,16,99,1,18.5
NSHD100512,healthy,78,5,5,3,5,3,7,4,6,5,7,7,3,2,2,2,11,4,1,1,2,5,4,4,18,25,14,25,16,98,1,20.6
NSHD100513,healthy,77,5,5,3,5,3,6,4,7,5,7,7,3,2,2,2,11,4,1,1,2,5,4,4,18,25,14,25,16,98,1,24.6
NSHD100514,healthy,77,5,5,3,5,3,7,4,7,5,7,7,3,2,2,2,12,4,1,1,2,5,4,4,18,26,14,26,16,100,1,17.3
NSHD100515,healthy,77,5,5,3,5,3,7,4,7,5,7,7,3,2,2,2,11,4,1,1,2,5,4,4,18,26,14,25,16,99,1,22.7
NSHD100516,healthy,77,5,5,3,5,3,7,4,7,5,7,7,3,2,2,2,12,4,1,1,2,5,4,4,18,26,14,26,16,100,1,15.9
NSHD100517,healthy,75,5,5,3,5,3,6,4,6,5,7,7,3,2,2,2,11,4,1,1,2,5,4,4,18,24,14,25,16,97,1,17.2
NSHD100518,mci,79,4,4,2,4,2,6,3,5,4,6,6,2,2,2,1,10,3,1,1,1,4,3,3,14,20,12,21,12,79,1,21.8
NSHD100519,healthy,77,5,5,3,5,3,7,4,7,5,6,7,3,2,2,2,12,4,1,1,2,5,4,4,18,26,13,26,16,99,1,25.0
NSHD100520,mci,77,4,4,3,4,2,6,3,5,4,6,5,2,1,2,2,9,3,1,1,2,4,3,3,15,20,11,20,13,79,1,21.6
NSHD100521,mci,78,4,3,2,4,2,5,3,6,4,5,5,2,1,1,1,9,3,1,1,1,3,3,3,13,20,10,18,11,72,1,21.8
NSHD100522,healthy,77,5,5,3,5,3,7,4,7,5,7,7,3,2,2,2,12,4,1,1,2,5,4,4,18,26,14,26,16,100,1,16.0
NSHD100523,healthy,77,5,5,3,5,3,7,4,7,5,7,7,3,2,2,2,11,4,1,1,2,5,4,4,18,26,14,25,16,99,1,21.9
NSHD100524,mci,80,4,4,2,4,2,6,3,5,4,5,5,3,1,2,1,9,3,1,1,1,4,3,4,14,20,10,20,13,77,1,12.8
NSHD100525,dementia_risk,78,3,3,1,3,1,4,1,2,3,3,2,1,1,1,1,7,2,0,1,1,2,1,2,10,11,5,13,7,46,1,21.3
NSHD100526,healthy,77,5,5,3,5,3,6,4,6,5,6,7,3,2,2,2,11,4,1,1,2,5,4,4,18,24,13,25,16,96,1,19.1
NSHD100527,dementia_risk,75,3,3,2,2,1,3,2,4,2,4,3,1,1,1,1,5,2,0,0,1,3,1,2,10,12,7,11,7,47,1,21.2
NSHD100528,mci,77,4,4,2,4,2,5,3,5,4,5,5,2,2,2,2,9,3,1,1,2,4,3,3,14,19,10,21,13,77,1,14.9
NSHD100529,healthy,72,5,5,3,5,3,6,4,6,5,6,6,3,2,2,2,12,4,1,1,2,5,4,4,18,24,12,26,16,96,1,19.3
NSHD100530,healthy,77,5,5,3,5,3,7,4,7,5,7,6,3,2,2,2,11,4,1,1,2,5,4,4,18,26,13,25,16,98,1,17.8
NSHD100531,healthy,76,5,5,3,5,3,7,4,7,5,7,7,3,2,2,2,12,4,1,1,2,5,4,4,18,26,14,26,16,100,1,17.9
NSHD100532,healthy,74,5,5,3,5,3,6,4,7,5,7,7,3,2,2,2,12,4,1,1,2,5,4,4,18,25,14,26,16,99,1,17.9
NSHD100533,healthy,79,5,5,3,5,3,6,4,7,5,7,7,3,2,2,2,11,4,1,1,2,5,4,4,18,25,14,25,16,98,1,20.3
NSHD100534,healthy,78,5,5,3,5,3,6,4,7,5,7,7,3,2,2,2,12,4,1,1,2,5,4,4,18,25,14,26,16,99,1,16.8
NSHD100535,healthy,76,5,5,3,5,3,7,4,6,5,7,7,3,2,2,2,12,4,1,1,2,5,4,4,18,25,14,26,16,99,1,18.2
NSHD100536,healthy,77,5,5,3,5,3,7,4,7,5,7,6,3,2,2,2,11,4,1,1,2,5,4,4,18,26,13,25,16,98,1,17.9
NSHD100537,healthy,77,5,5,3,5,3,7,4,7,5,6,7,3,2,2,2,11,4,1,1,2,5,4,4,18,26,13,25,16,98,1,14.7
NSHD100538,healthy,78,5,5,3,5,3,7,4,7,5,7,7,3,2,2,2,12,4,1,1,2,5,4,4,18,26,14,26,16,100,1,20.1
NSHD100539,mci,77,4,4,2,4,2,6,3,5,4,6,6,2,2,2,2,10,3,1,1,2,4,3,3,14,20,12,22,13,81,1,18.6
NSHD100540,healthy,75,5,5,3,5,3,6,4,7,5,7,7,3,2,2,2,11,4,1,1,2,5,4,4,18,25,14,25,16,98,1,15.3
NSHD100541,mci,76,4,4,2,4,3,6,3,6,3,6,5,2,1,1,1,11,3,1,1,1,4,3,3,14,21,11,20,12,78,1,23.0
NSHD100542,dementia_risk,78,3,2,2,3,1,4,1,2,2,4,3,1,1,1,1,7,2,0,0,1,3,2,3,10,10,7,13,9,49,1,18.7
NSHD100543,healthy,76,5,5,3,5,3,6,4,7,5,7,6,3,2,2,2,12,4,1,1,2,5,4,4,18,25,13,26,16,98,1,18.9
NSHD100544,dementia_risk,77,2,2,2,2,1,4,1,3,3,4,4,1,1,1,1,7,2,1,0,1,2,1,2,8,12,8,14,6,48,1,16.2
NSHD100545,healthy,73,5,5,3,5,3,7,4,7,5,7,6,3,2,2,2,11,4,1,1,2,5,4,4,18,26,13,25,16,98,1,24.3
NSHD100546,mci,79,4,3,2,4,2,5,3,5,4,5,5,2,1,2,1,10,3,1,1,2,4,3,3,13,19,10,20,13,75,1,19.2
NSHD100547,healthy,78,5,5,3,5,3,7,4,7,5,7,7,3,2,2,2,12,4,1,1,2,5,4,4,18,26,14,26,16,100,1,17.5
NSHD100548,healthy,80,5,5,3,5,3,6,4,7,5,6,6,3,2,2,2,11,4,1,1,2,5,4,4,18,25,12,25,16,96,1,17.5
NSHD100549,healthy,75,5,5,3,5,3,6,4,6,5,7,7,3,2,2,2,12,4,1,1,2,5,4,4,18,24,14,26,16,98,1,18.2
NSHD100550,healthy,78,5,5,3,5,3,7,4,7,5,6,6,3,2,2,2,12,4,1,1,2,5,4,4,18,26,12,26,16,98,1,19.7
NSHD100551,healthy,75,5,5,3,5,3,7,4,7,5,7,7,3,2,2,2,12,4,1,1,2,5,4,4,18,26,14,26,16,100,1,20.4
NSHD100552,healthy,77,5,5,3,5,3,6,4,7,5,6,7,3,2,2,2,11,4,1,1,2,5,4,4,18,25,13,25,16,97,1,15.7
NSHD100553,healthy,79,5,5,3,5,3,7,4,6,5,7,7,3,2,2,2,12,4,1,1,2,5,4,4,18,25,14,26,16,99,1,16.2
NSHD100554,healthy,78,5,5,3,5,3,7,4,7,5,7,7,3,2,2,2,12,4,1,1,2,5,4,4,18,26,14,26,16,100,1,19.8
NSHD100555,healthy,78,5,5,3,5,3,7,4,7,5,6,6,3,2,2,2,12,4,1,1,2,5,4,4,18,26,12,26,16,98,1,17.2
NSHD100556,mci,78,4,4,2,4,2,6,3,6,4,6,5,2,1,2,1,10,3,1,1,1,4,4,3,14,21,11,20,13,79,1,17.8
NSHD100557,healthy,78,5,5,3,5,3,7,4,7,5,6,7,3,2,2,2,12,4,1,1,2,5,4,4,18,26,13,26,16,99,1,22.8
NSHD100558,healthy,78,5,5,3,5,3,7,4,7,5,7,7,3,2,2,2,11,4,1,1,2,5,4,4,18,26,14,25,16,99,1,16.3
NSHD100559,mci,75,4,4,3,4,2,5,3,5,3,6,6,2,1,2,2,10,3,1,1,2,4,3,3,15,18,12,21,13,79,1,19.2
NSHD100560,mci,77,3,4,2,3,2,5,3,5,4,5,6,2,2,2,1,10,3,1,1,2,4,3,3,12,19,11,21,13,76,1,16.7
NSHD100561,mci,74,4,4,2,3,2,6,3,6,3,5,6,3,2,1,1,11,3,1,1,1,4,3,3,13,20,11,22,12,78,1,19.4
NSHD100562,mci,79,4,4,2,4,2,5,3,5,4,5,5,2,2,1,2,9,3,1,1,1,4,3,3,14,19,10,20,12,75,1,18.3
NSHD100563,healthy,77,5,5,3,5,3,7,4,6,5,6,6,3,2,2,2,12,4,1,1,2,5,4,4,18,25,12,26,16,97,1,20.4
NSHD100564,mci,74,4,3,2,4,3,6,3,5,4,5,5,2,2,1,2,9,3,1,1,2,3,4,3,13,21,10,20,13,77,1,17.3
NSHD100565,dementia_risk,75,3,2,1,2,1,2,2,4,2,3,3,2,1,1,1,5,2,1,0,1,2,1,2,8,11,6,13,6,44,1,18.3
NSHD100566,mci,81,4,4,3,4,2,6,3,6,3,5,5,2,1,2,1,11,3,1,1,1,4,3,3,15,20,10,21,12,78,1,21.0
NSHD100567,healthy,78,5,5,3,5,3,7,4,7,5,7,7,3,2,2,2,12,4,1,1,2,5,4,4,18,26,14,26,16,100,1,15.8
NSHD100568,mci,77,4,4,2,3,2,5,3,5,4,6,5,2,1,2,2,8,3,1,1,1,4,3,3,13,19,11,19,12,74,1,20.7
NSHD100569,dementia_risk,79,2,3,1,2,1,3,2,3,3,4,2,1,1,1,1,4,2,0,0,1,3,2,2,8,12,6,10,8,44,1,16.8
NSHD100570,healthy,77,5,5,3,5,3,6,4,6,5,7,6,3,2,2,2,11,4,1,1,2,5,4,4,18,24,13,25,16,96,1,16.6
NSHD100571,healthy,77,5,5,3,5,3,6,4,7,5,6,7,3,2,2,2,11,4,1,1,2,5,4,4,18,25,13,25,16,97,1,15.9
NSHD100572,healthy,77,5,5,3,5,3,6,4,7,5,6,7,3,2,2,2,11,4,1,1,2,5,4,4,18,25,13,25,16,97,1,17.8
NSHD100573,healthy,78,5,5,3,5,3,7,4,7,5,7,7,3,2,2,2,12,4,1,1,2,5,4,4,18,26,14,26,16,100,1,15.8
NSHD100574,healthy,76,5,5,3,5,3,7,4,7,5,7,7,3,2,2,2,12,4,1,1,2,5,4,4,18,26,14,26,16,100,1,19.4
NSHD100575,healthy,74,5,5,3,5,3,7,4,7,5,6,7,3,2,2,2,11,4,1,1,2,5,4,4,18,26,13,25,16,98,1,15.3
NSHD100576,mci,81,3,4,3,4,3,6,3,5,4,5,6,2,2,1,2,9,3,1,1,1,4,3,4,14,21,11,20,13,79,1,17.0
NSHD100577,healthy,76,5,5,3,5,3,7,4,6,5,6,6,3,2,2,2,12,4,1,1,2,5,4,4,18,25,12,26,16,97,1,17.1
NSHD100578,healthy,79,5,5,3,5,3,7,4,7,5,6,7,3,2,2,2,11,4,1,1,2,5,4,4,18,26,13,25,16,98,1,21.4
NSHD100579,mci,78,4,4,3,3,2,5,3,5,4,6,5,3,1,2,1,8,3,1,1,2,4,3,4,14,19,11,19,14,77,1,16.9
NSHD100580,healthy,80,5,5,3,5,3,7,4,7,5,7,7,3,2,2,2,11,4,1,1,2,5,4,4,18,26,14,25,16,99,1,19.7
NSHD100581,healthy,74,5,5,3,5,3,7,4,7,5,7,7,3,2,2,2,11,4,1,1,2,5,4,4,18,26,14,25,16,99,1,21.3
NSHD100582,healthy,79,5,5,3,5,3,7,4,6,5,7,7,3,2,2,2,11,4,1,1,2,5,4,4,18,25,14,25,16,98,1,17.5
NSHD100583,healthy,73,5,5,3,5,3,7,4,7,5,6,7,3,2,2,2,12,4,1,1,2,5,4,4,18,26,13,26,16,99,1,20.2
NSHD100584,healthy,78,5,5,3,5,3,7,4,6,5,7,6,3,2,2,2,12,4,1,1,2,5,4,4,18,25,13,26,16,98,1,18.0
NSHD100585,healthy,76,5,5,3,5,3,7,4,7,5,7,7,3,2,2,2,11,4,1,1,2,5,4,4,18,26,14,25,16,99,1,16.5
NSHD100586,healthy,78,5,5,3,5,3,7,4,7,5,7,7,3,2,2,2,12,4,1,1,2,5,4,4,18,26,14,26,16,100,1,17.2
NSHD100587,healthy,77,5,5,3,5,3,6,4,6,5,6,7,3,2,2,2,12,4,1,1,2,5,4,4,18,24,13,26,16,97,1,16.5
NSHD100588,healthy,75,5,5,3,5,3,7,4,7,5,6,7,3,2,2,2,12,4,1,1,2,5,4,4,18,26,13,26,16,99,1,15.9
NSHD100589,dementia_risk,75,2,2,2,3,1,4,1,4,2,3,3,2,1,1,1,4,2,1,1,1,3,2,2,9,12,6,12,9,48,1,18.6
NSHD100590,mci,77,4,4,2,3,2,5,3,5,4,6,5,2,2,2,1,8,3,1,1,1,4,3,3,13,19,11,19,12,74,1,16.0
NSHD100591,mci,78,4,4,2,4,2,5,3,5,4,6,5,2,2,2,1,11,3,1,1,2,4,3,3,14,19,11,22,13,79,1,13.9
NSHD100592,healthy,77,5,5,3,5,3,6,4,7,5,7,7,3,2,2,2,12,4,1,1,2,5,4,4,18,25,14,26,16,99,1,17.4
NSHD100593,dementia_risk,79,2,2,1,3,1,3,1,4,2,3,3,1,1,1,1,7,2,1,1,1,3,2,2,8,11,6,14,9,48,1,20.4
NSHD100594,healthy,77,5,5,3,5,3,6,4,7,5,7,7,3,2,2,2,11,4,1,1,2,5,4,4,18,25,14,25,16,98,1,17.9
NSHD100595,healthy,78,5,5,3,5,3,7,4,7,5,7,7,3,2,2,2,11,4,1,1,2,5,4,4,18,26,14,25,16,99,1,16.7
NSHD100596,dementia_risk,78,3,3,1,2,2,4,3,4,2,3,2,2,1,1,1,5,2,1,0,1,2,2,2,9,15,5,13,7,49,1,16.4
NSHD100597,mci,78,3,3,2,3,2,6,3,5,3,5,6,2,1,2,2,9,3,1,1,1,4,3,3,11,19,11,20,12,73,1,13.7
NSHD100598,dementia_risk,76,2,2,1,3,1,3,1,4,2,4,3,1,1,1,1,4,1,0,1,1,2,1,2,8,11,7,9,7,42,1,17.4
NSHD100599,healthy,78,5,5,3,5,3,6,4,7,5,7,7,3,2,2,2,11,4,1,1,2,5,4,4,18,25,14,25,16,98,1,19.5
NSHD100600,healthy,77,5,5,3,5,3,7,4,7,5,7,6,3,2,2,2,12,4,1,1,2,5,4,4,18,26,13,26,16,99,1,14.8
NSHD100601,healthy,75,5,5,3,5,3,7,4,6,5,6,6,3,2,2,2,12,4,1,1,2,5,4,4,18,25,12,26,16,97,1,15.8
NSHD100602,mci,78,4,4,2,4,2,6,3,6,4,5,5,3,2,2,1,8,3,1,1,2,4,3,3,14,21,10,20,13,78,1,23.0
NSHD100603,healthy,73,5,5,3,5,3,6,4,7,5,7,7,3,2,2,2,12,4,1,1,2,5,4,4,18,25,14,26,16,99,1,18.8
NSHD100604,healthy,76,5,5,3,5,3,7,4,6,5,7,7,3,2,2,2,12,4,1,1,2,5,4,4,18,25,14,26,16,99,1,19.9
NSHD100605,healthy,78,5,5,3,5,3,7,4,7,5,6,7,3,2,2,2,12,4,1,1,2,5,4,4,18,26,13,26,16,99,1,22.4
NSHD100606,dementia_risk,77,2,2,1,2,2,4,2,3,3,2,4,2,1,1,1,4,1,0,1,1,3,2,2,7,14,6,10,9,46,1,19.1
NSHD100607,mci,78,4,4,2,4,2,5,3,6,4,6,6,3,1,2,1,8,3,1,1,2,3,3,3,14,20,12,19,12,77,1,17.8
NSHD100608,healthy,78,5,5,3,5,3,7,4,7,5,6,7,3,2,2,2,12,4,1,1,2,5,4,4,18,26,13,26,16,99,1,18.3
NSHD100609,healthy,75,5,5,3,5,3,6,4,7,5,6,7,3,2,2,2,11,4,1,1,2,5,4,4,18,25,13,25,16,97,1,19.6
NSHD100610,mci,78,3,4,2,4,2,5,3,6,4,6,5,2,1,1,1,10,3,1,1,2,4,3,3,13,20,11,19,13,76,1,18.8
NSHD100611,healthy,79,5,5,3,5,3,6,4,6,5,6,7,3,2,2,2,11,4,1,1,2,5,4,4,18,24,13,25,16,96,1,19.6
NSHD100612,mci,78,4,4,2,4,2,5,3,5,4,6,6,2,1,1,2,9,3,1,1,1,4,3,3,14,19,12,19,12,76,1,19.3
NSHD100613,healthy,76,5,5,3,5,3,7,4,7,5,7,6,3,2,2,2,12,4,1,1,2,5,4,4,18,26,13,26,16,99,1,22.8
NSHD100614,healthy,74,5,5,3,5,3,7,4,7,5,7,7,3,2,2,2,11,4,1,1,2,5,4,4,18,26,14,25,16,99,1,21.4
NSHD100615,healthy,78,5,5,3,5,3,6,4,7,5,7,6,3,2,2,2,12,4,1,1,2,5,4,4,18,25,13,26,16,98,1,18.2
NSHD100616,healthy,74,5,5,3,5,3,7,4,6,5,6,7,3,2,2,2,11,4,1,1,2,5,4,4,18,25,13,25,16,97,1,16.5
NSHD100617,healthy,80,5,5,3,5,3,6,4,7,5,7,6,3,2,2,2,11,4,1,1,2,5,4,4,18,25,13,25,16,97,1,18.9
NSHD100618,healthy,76,5,5,3,5,3,6,4,7,5,7,7,3,2,2,2,12,4,1,1,2,5,4,4,18,25,14,26,16,99,1,14.7
NSHD100619,healthy,78,5,5,3,5,3,7,4,6,5,6,6,3,2,2,2,12,4,1,1,2,5,4,4,18,25,12,26,16,97,1,16.9
NSHD100620,mci,76,4,4,2,4,2,6,3,6,4,6,6,2,1,1,2,9,3,1,1,1,3,3,3,14,21,12,19,11,77,1,15.5
NSHD100621,healthy,76,5,5,3,5,3,7,4,7,5,7,6,3,2,2,2,11,4,1,1,2,5,4,4,18,26,13,25,16,98,1,23.7
NSHD100622,healthy,77,5,5,3,5,3,7,4,7,5,6,7,3,2,2,2,11,4,1,1,2,5,4,4,18,26,13,25,16,98,1,18.7
NSHD100623,mci,75,4,4,2,4,2,6,3,6,4,5,6,2,2,2,2,10,3,1,1,2,4,4,3,14,21,11,22,14,82,1,19.6
NSHD100624,healthy,76,5,5,3,5,3,6,4,6,5,6,7,3,2,2,2,11,4,1,1,2,5,4,4,18,24,13,25,16,96,1,18.1
NSHD100625,healthy,77,5,5,3,5,3,7,4,7,5,6,6,3,2,2,2,12,4,1,1,2,5,4,4,18,26,12,26,16,98,1,21.6
NSHD100626,healthy,79,5,5,3,5,3,7,4,7,5,7,7,3,2,2,2,11,4,1,1,2,5,4,4,18,26,14,25,16,99,1,18.1
NSHD100627,healthy,80,5,5,3,5,3,6,4,7,5,6,7,3,2,2,2,11,4,1,1,2,5,4,4,18,25,13,25,16,97,1,20.3
NSHD100628,healthy,76,5,5,3,5,3,7,4,7,5,6,7,3,2,2,2,11,4,1,1,2,5,4,4,18,26,13,25,16,98,1,20.2
NSHD100629,mci,78,4,4,3,4,3,6,3,5,4,5,5,2,2,1,1,10,3,1,1,1,4,4,3,15,21,10,20,13,79,1,18.7
NSHD100630,healthy,79,5,5,3,5,3,6,4,7,5,7,7,3,2,2,2,11,4,1,1,2,5,4,4,18,25,14,25,16,98,1,15.9
NSHD100631,mci,78,4,3,2,4,2,6,3,6,4,6,5,2,1,2,1,10,3,1,1,1,4,3,3,13,21,11,20,12,77,1,18.4
NSHD100632,healthy,75,5,5,3,5,3,7,4,7,5,6,7,3,2,2,2,12,4,1,1,2,5,4,4,18,26,13,26,16,99,1,17.2
NSHD100633,healthy,78,5,5,3,5,3,7,4,7,5,7,7,3,2,2,2,12,4,1,1,2,5,4,4,18,26,14,26,16,100,1,19.8
NSHD100634,mci,75,3,3,2,4,2,5,3,6,4,5,5,2,2,1,2,10,3,1,1,1,4,3,3,12,20,10,21,12,75,1,17.7
NSHD100635,mci,81,4,4,2,4,2,5,3,5,4,6,5,2,1,2,2,9,3,1,1,2,4,3,3,14,19,11,20,13,77,1,18.9
NSHD100636,healthy,76,5,5,3,5,3,6,4,6,5,7,7,3,2,2,2,11,4,1,1,2,5,4,4,18,24,14,25,16,97,1,15.5
NSHD100637,healthy,76,5,5,3,5,3,6,4,7,5,7,7,3,2,2,2,12,4,1,1,2,5,4,4,18,25,14,26,16,99,1,17.9
NSHD100638,healthy,75,5,5,3,5,3,7,4,7,5,6,6,3,2,2,2,11,4,1,1,2,5,4,4,18,26,12,25,16,97,1,18.5
NSHD100639,healthy,74,5,5,3,5,3,7,4,7,5,6,7,3,2,2,2,11,4,1,1,2,5,4,4,18,26,13,25,16,98,1,16.9
NSHD100640,healthy,79,5,5,3,5,3,6,4,7,5,7,7,3,2,2,2,11,4,1,1,2,5,4,4,18,25,14,25,16,98,1,16.0
NSHD100641,healthy,74,5,5,3,5,3,6,4,7,5,6,7,3,2,2,2,11,4,1,1,2,5,4,4,18,25,13,25,16,97,1,14.1
NSHD100642,healthy,74,5,5,3,5,3,7,4,7,5,7,7,3,2,2,2,12,4,1,1,2,5,4,4,18,26,14,26,16,100,1,17.1
NSHD100643,healthy,78,5,5,3,5,3,7,4,6,5,7,7,3,2,2,2,11,4,1,1,2,5,4,4,18,25,14,25,16,98,1,18.0
NSHD100644,mci,76,4,4,3,3,2,6,3,5,4,6,6,2,1,1,2,9,3,1,1,2,4,3,3,14,20,12,19,13,78,1,17.3
NSHD100645,healthy,80,5,5,3,5,3,7,4,7,5,7,7,3,2,2,2,11,4,1,1,2,5,4,4,18,26,14,25,16,99,1,21.9
NSHD100646,healthy,78,5,5,3,5,3,7,4,6,5,7,7,3,2,2,2,11,4,1,1,2,5,4,4,18,25,14,25,16,98,1,16.2
NSHD100647,healthy,75,5,5,3,5,3,7,4,7,5,7,6,3,2,2,2,11,4,1,1,2,5,4,4,18,26,13,25,16,98,1,21.1
NSHD100648,healthy,77,5,5,3,5,3,7,4,7,5,7,7,3,2,2,2,11,4,1,1,2,5,4,4,18,26,14,25,16,99,1,18.9
NSHD100649,mci,80,4,3,2,4,3,5,3,6,3,5,5,2,2,2,1,8,3,1,1,2,4,3,3,13,20,10,19,13,75,1,17.4
NSHD100650,mci,77,3,4,2,4,2,5,3,5,4,6,6,3,2,2,2,11,3,1,1,2,4,3,3,13,19,12,24,13,81,1,23.6
NSHD100651,healthy,79,5,5,3,5,3,7,4,7,5,6,6,3,2,2,2,12,4,1,1,2,5,4,4,18,26,12,26,16,98,1,19.2
NSHD100652,healthy,78,5,5,3,5,3,7,4,7,5,6,7,3,2,2,2,11,4,1,1,2,5,4,4,18,26,13,25,16,98,1,19.1
NSHD100653,healthy,75,5,5,3,5,3,7,4,7,5,6,6,3,2,2,2,12,4,1,1,2,5,4,4,18,26,12,26,16,98,1,19.3
NSHD100654,healthy,77,5,5,3,5,3,7,4,6,5,7,6,3,2,2,2,12,4,1,1,2,5,4,4,18,25,13,26,16,98,1,14.6
NSHD100655,mci,75,4,4,2,4,2,6,4,6,4,6,6,3,1,2,1,9,3,1,1,1,3,4,3,14,22,12,20,12,80,1,19.8
NSHD100656,healthy,76,5,5,3,5,3,7,4,6,5,6,7,3,2,2,2,12,4,1,1,2,5,4,4,18,25,13,26,16,98,1,16.5
NSHD100657,healthy,74,5,5,3,5,3,6,4,7,5,7,6,3,2,2,2,11,4,1,1,2,5,4,4,18,25,13,25,16,97,1,21.9
NSHD100658,mci,78,4,4,2,4,2,6,3,6,4,5,5,3,1,1,1,8,3,1,1,2,4,3,3,14,21,10,18,13,76,1,18.6
NSHD100659,dementia_risk,72,2,3,2,2,2,4,2,2,2,4,3,2,1,1,1,4,2,0,0,1,2,1,2,9,12,7,11,6,45,1,16.0
NSHD100660,healthy,76,5,5,3,5,3,7,4,6,5,7,6,3,2,2,2,12,4,1,1,2,5,4,4,18,25,13,26,16,98,1,18.9
NSHD100661,healthy,76,5,5,3,5,3,7,4,7,5,6,7,3,2,2,2,12,4,1,1,2,5,4,4,18,26,13,26,16,99,1,18.2
NSHD100662,mci,76,4,3,2,4,2,6,3,5,4,6,5,2,2,1,2,8,3,1,1,1,4,3,3,13,20,11,19,12,75,1,24.8
NSHD100663,healthy,79,5,5,3,5,3,6,4,6,5,6,6,3,2,2,2,12,4,1,1,2,5,4,4,18,24,12,26,16,96,1,20.2
NSHD100664,mci,78,4,3,2,3,2,6,3,6,4,6,5,2,2,1,2,8,3,1,1,2,4,3,3,12,21,11,19,13,76,1,19.3
NSHD100665,mci,75,4,4,2,4,2,5,3,5,4,6,6,2,1,1,2,10,3,1,1,2,4,3,3,14,19,12,20,13,78,1,19.0
NSHD100666,mci,79,4,4,3,4,2,6,3,5,4,5,5,2,2,1,2,9,3,1,1,2,3,3,3,15,20,10,20,12,77,1,13.9
NSHD100667,healthy,76,5,5,3,5,3,6,4,6,5,7,6,3,2,2,2,11,4,1,1,2,5,4,4,18,24,13,25,16,96,1,16.6
NSHD100668,dementia_risk,80,3,3,1,2,1,4,1,4,3,3,3,1,1,1,1,8,2,1,0,1,2,2,2,9,13,6,15,7,50,1,17.4
NSHD100669,healthy,78,5,5,3,5,3,7,4,7,5,7,7,3,2,2,2,11,4,1,1,2,5,4,4,18,26,14,25,16,99,1,22.9
NSHD100670,healthy,79,5,5,3,5,3,7,4,7,5,6,6,3,2,2,2,11,4,1,1,2,5,4,4,18,26,12,25,16,97,1,17.7
NSHD100671,healthy,77,5,5,3,5,3,6,4,6,5,7,6,3,2,2,2,11,4,1,1,2,5,4,4,18,24,13,25,16,96,1,15.1
NSHD100672,mci,80,4,4,2,4,2,6,3,6,4,6,6,2,2,2,1,11,3,1,1,1,4,3,3,14,21,12,22,12,81,1,16.8
NSHD100673,dementia_risk,77,2,3,1,3,1,4,2,3,3,4,4,1,1,1,1,6,2,0,0,1,3,2,2,9,13,8,12,8,50,1,19.9
NSHD100674,healthy,74,5,5,3,5,3,7,4,6,5,7,7,3,2,2,2,11,4,1,1,2,5,4,4,18,25,14,25,16,98,1,19.5
NSHD100675,healthy,76,5,5,3,5,3,7,4,6,5,7,7,3,2,2,2,11,4,1,1,2,5,4,4,18,25,14,25,16,98,1,20.5
NSHD100676,healthy,78,5,5,3,5,3,7,4,7,5,6,6,3,2,2,2,11,4,1,1,2,5,4,4,18,26,12,25,16,97,1,22.2
NSHD100677,mci,77,4,4,2,4,2,5,3,6,3,5,6,3,1,2,1,10,3,1,1,1,3,3,4,14,19,11,21,12,77,1,16.7
NSHD100678,dementia_risk,78,3,3,1,2,2,4,2,3,3,3,4,2,1,1,1,4,1,1,0,1,2,2,2,9,14,7,11,7,48,1,24.8
NSHD100679,healthy,75,5,5,3,5,3,7,4,7,5,7,6,3,2,2,2,12,4,1,1,2,5,4,4,18,26,13,26,16,99,1,15.4
NSHD100680,healthy,77,5,5,3,5,3,6,4,7,5,7,7,3,2,2,2,12,4,1,1,2,5,4,4,18,25,14,26,16,99,1,17.6
NSHD100681,mci,75,3,4,3,3,2,6,3,6,4,5,5,2,1,2,2,9,3,1,1,1,4,3,3,13,21,10,20,12,76,1,18.9
NSHD100682,healthy,75,5,5,3,5,3,7,4,6,5,7,6,3,2,2,2,11,4,1,1,2,5,4,4,18,25,13,25,16,97,1,17.8
NSHD100683,healthy,76,5,5,3,5,3,7,4,7,5,6,7,3,2,2,2,11,4,1,1,2,5,4,4,18,26,13,25,16,98,1,18.2
NSHD100684,healthy,78,5,5,3,5,3,7,4,6,5,6,6,3,2,2,2,11,4,1,1,2,5,4,4,18,25,12,25,16,96,1,19.2
NSHD100685,healthy,75,5,5,3,5,3,7,4,7,5,7,7,3,2,2,2,11,4,1,1,2,5,4,4,18,26,14,25,16,99,1,17.6
NSHD100686,healthy,73,5,5,3,5,3,7,4,6,5,7,7,3,2,2,2,11,4,1,1,2,5,4,4,18,25,14,25,16,98,1,14.2
NSHD100687,healthy,75,5,5,3,5,3,7,4,7,5,7,7,3,2,2,2,11,4,1,1,2,5,4,4,18,26,14,25,16,99,1,17.5
NSHD100688,healthy,78,5,5,3,5,3,7,4,6,5,7,7,3,2,2,2,11,4,1,1,2,5,4,4,18,25,14,25,16,98,1,23.6
NSHD100689,mci,76,4,3,2,3,2,6,3,5,4,6,5,2,2,2,1,9,3,1,1,1,4,3,3,12,20,11,20,12,75,1,17.9
NSHD100690,healthy,77,5,5,3,5,3,7,4,7,5,7,6,3,2,2,2,11,4,1,1,2,5,4,4,18,26,13,25,16,98,1,17.3
NSHD100691,healthy,77,5,5,3,5,3,7,4,6,5,6,7,3,2,2,2,11,4,1,1,2,5,4,4,18,25,13,25,16,97,1,20.7
NSHD100692,healthy,78,5,5,3,5,3,7,4,7,5,6,7,3,2,2,2,12,4,1,1,2,5,4,4,18,26,13,26,16,99,1,16.1
NSHD100693,healthy,77,5,5,3,5,3,6,4,6,5,7,7,3,2,2,2,12,4,1,1,2,5,4,4,18,24,14,26,16,98,1,22.9
NSHD100694,healthy,77,5,5,3,5,3,7,4,6,5,6,7,3,2,2,2,11,4,1,1,2,5,4,4,18,25,13,25,16,97,1,20.4
NSHD100695,mci,77,3,4,3,4,2,5,3,6,4,6,6,3,1,2,1,8,3,1,1,1,4,3,3,14,20,12,19,12,77,1,17.1
NSHD100696,healthy,79,5,5,3,5,3,7,4,6,5,7,7,3,2,2,2,11,4,1,1,2,5,4,4,18,25,14,25,16,98,1,16.6
NSHD100697,healthy,74,5,5,3,5,3,6,4,7,5,7,7,3,2,2,2,11,4,1,1,2,5,4,4,18,25,14,25,16,98,1,15.9
NSHD100698,healthy,78,5,5,3,5,3,7,4,7,5,7,7,3,2,2,2,11,4,1,1,2,5,4,4,18,26,14,25,16,99,1,14.6
NSHD100699,dementia_risk,77,2,2,1,3,1,2,1,4,3,3,4,1,1,1,1,4,2,0,1,1,2,2,1,8,11,7,10,7,43,1,16.6
NSHD100700,healthy,75,5,5,3,5,3,7,4,7,5,7,7,3,2,2,2,12,4,1,1,2,5,4,4,18,26,14,26,16,100,1,18.2
NSHD100701,healthy,79,5,5,3,5,3,7,4,7,5,7,6,3,2,2,2,11,4,1,1,2,5,4,4,18,26,13,25,16,98,1,23.7
NSHD100702,mci,76,4,4,2,3,2,6,3,6,4,5,5,2,1,2,2,9,3,1,1,2,4,3,3,13,21,10,20,13,77,1,16.1
NSHD100703,healthy,79,5,5,3,5,3,7,4,7,5,7,7,3,2,2,2,11,4,1,1,2,5,4,4,18,26,14,25,16,99,1,15.4
NSHD100704,healthy,76,5,5,3,5,3,7,4,7,5,7,7,3,2,2,2,11,4,1,1,2,5,4,4,18,26,14,25,16,99,1,20.5
NSHD100705,healthy,75,5,5,3,5,3,6,4,7,5,7,6,3,2,2,2,12,4,1,1,2,5,4,4,18,25,13,26,16,98,1,16.0
NSHD100706,dementia_risk,76,2,2,2,2,1,2,2,3,2,4,3,1,1,1,1,6,1,0,1,1,3,2,1,8,10,7,11,8,44,1,22.3
NSHD100707,healthy,76,5,5,3,5,3,7,4,7,5,6,7,3,2,2,2,12,4,1,1,2,5,4,4,18,26,13,26,16,99,1,18.2
NSHD100708,healthy,78,5,5,3,5,3,7,4,7,5,7,6,3,2,2,2,11,4,1,1,2,5,4,4,18,26,13,25,16,98,1,17.4
NSHD100709,healthy,75,5,5,3,5,3,6,4,7,5,7,6,3,2,2,2,11,4,1,1,2,5,4,4,18,25,13,25,16,97,1,17.7
NSHD100710,healthy,77,5,5,3,5,3,7,4,7,5,7,7,3,2,2,2,12,4,1,1,2,5,4,4,18,26,14,26,16,100,1,22.8
NSHD100711,healthy,79,5,5,3,5,3,7,4,6,5,7,7,3,2,2,2,11,4,1,1,2,5,4,4,18,25,14,25,16,98,1,22.9
NSHD100712,dementia_risk,79,3,2,1,2,2,3,2,3,2,4,3,1,1,1,1,7,2,0,0,1,2,2,2,8,12,7,13,7,47,1,19.5
NSHD100713,healthy,74,5,5,3,5,3,7,4,6,5,7,7,3,2,2,2,11,4,1,1,2,5,4,4,18,25,14,25,16,98,1,16.3
NSHD100714,healthy,76,5,5,3,5,3,6,4,6,5,7,7,3,2,2,2,12,4,1,1,2,5,4,4,18,24,14,26,16,98,1,18.1
NSHD100715,dementia_risk,78,3,3,2,2,2,4,2,4,2,4,3,1,1,1,1,5,2,1,1,1,2,2,2,10,14,7,12,8,51,1,19.0
NSHD100716,mci,78,4,4,2,3,2,6,3,6,3,5,6,2,2,1,2,8,3,1,1,2,4,3,3,13,20,11,19,13,76,1,18.7
NSHD100717,healthy,78,5,5,3,5,3,7,4,7,5,7,6,3,2,2,2,12,4,1,1,2,5,4,4,18,26,13,26,16,99,1,18.8
NSHD100718,healthy,75,5,5,3,5,3,6,4,7,5,7,6,3,2,2,2,12,4,1,1,2,5,4,4,18,25,13,26,16,98,1,16.6
NSHD100719,dementia_risk,75,2,2,2,2,1,3,2,3,3,3,3,1,1,1,1,7,2,0,1,1,2,1,1,8,12,6,13,6,45,1,15.8
NSHD100720,healthy,81,5,5,3,5,3,7,4,7,5,6,7,3,2,2,2,12,4,1,1,2,5,4,4,18,26,13,26,16,99,1,20.1
NSHD100721,dementia_risk,78,2,2,1,2,1,2,2,4,2,4,4,2,1,1,1,6,1,1,0,1,2,2,1,7,11,8,13,6,45,1,20.7
NSHD100722,mci,75,3,3,2,4,2,6,3,6,4,6,5,2,2,1,2,9,3,1,1,2,4,3,3,12,21,11,20,13,77,1,19.4
NSHD100723,mci,76,4,4,2,4,2,6,3,5,4,5,6,2,2,2,1,9,3,1,1,2,4,3,3,14,20,11,20,13,78,1,18.0
NSHD100724,healthy,76,5,5,3,5,3,6,4,7,5,7,7,3,2,2,2,11,4,1,1,2,5,4,4,18,25,14,25,16,98,1,15.5
NSHD100725,dementia_risk,77,2,2,1,2,2,4,2,4,3,4,3,1,1,1,1,4,1,0,0,1,3,2,2,7,15,7,9,8,46,1,13.7
NSHD100726,mci,77,4,4,2,4,2,5,3,6,4,5,6,3,1,1,1,11,3,1,1,2,4,3,3,14,20,11,21,13,79,1,16.9
NSHD100727,mci,75,4,4,3,4,2,6,3,5,4,6,6,2,2,1,2,9,3,1,1,2,4,3,3,15,20,12,20,13,80,1,14.3
NSHD100728,healthy,77,5,5,3,5,3,7,4,7,5,7,7,3,2,2,2,11,4,1,1,2,5,4,4,18,26,14,25,16,99,1,18.1
NSHD100729,mci,76,3,3,2,4,3,5,3,5,4,5,6,2,2,2,1,8,3,1,1,2,4,4,3,12,20,11,19,14,76,1,22.3
NSHD100730,healthy,74,5,5,3,5,3,6,4,6,5,7,6,3,2,2,2,11,4,1,1,2,5,4,4,18,24,13,25,16,96,1,23.1
NSHD100731,mci,77,4,4,2,4,2,5,3,5,3,5,6,2,2,2,1,9,3,1,1,1,4,4,3,14,18,11,20,13,76,1,18.7
NSHD100732,healthy,76,5,5,3,5,3,7,4,6,5,7,7,3,2,2,2,12,4,1,1,2,5,4,4,18,25,14,26,16,99,1,18.1
NSHD100733,mci,75,3,3,2,4,2,6,3,5,4,6,5,2,2,2,2,10,3,1,1,2,3,4,3,12,20,11,22,13,78,1,15.8
NSHD100734,dementia_risk,81,3,3,2,3,2,2,2,3,2,3,2,1,1,1,1,8,2,0,0,1,2,2,1,11,11,5,14,6,47,1,18.1
NSHD100735,mci,75,3,4,2,4,3,6,3,5,3,5,5,2,1,2,1,10,3,1,1,1,4,3,3,13,20,10,20,12,75,1,16.4
NSHD100736,healthy,80,5,5,3,5,3,7,4,7,5,6,7,3,2,2,2,12,4,1,1,2,5,4,4,18,26,13,26,16,99,1,19.8
NSHD100737,mci,76,3,3,2,4,2,5,3,6,4,5,5,2,2,1,1,9,3,1,1,2,3,3,3,12,20,10,19,12,73,1,17.7
NSHD100738,healthy,78,5,5,3,5,3,7,4,7,5,7,7,3,2,2,2,11,4,1,1,2,5,4,4,18,26,14,25,16,99,1,17.9
NSHD100739,healthy,77,5,5,3,5,3,6,4,7,5,7,6,3,2,2,2,12,4,1,1,2,5,4,4,18,25,13,26,16,98,1,17.8
NSHD100740,healthy,79,5,5,3,5,3,7,4,7,5,6,7,3,2,2,2,12,4,1,1,2,5,4,4,18,26,13,26,16,99,1,18.6
NSHD100741,mci,76,4,3,2,4,2,5,3,5,3,5,6,2,1,2,1,11,3,1,1,1,3,3,3,13,18,11,21,11,74,1,18.8
NSHD100742,healthy,79,5,5,3,5,3,7,4,7,5,7,7,3,2,2,2,11,4,1,1,2,5,4,4,18,26,14,25,16,99,1,17.6
NSHD100743,mci,74,4,4,2,3,2,6,3,5,3,5,6,3,2,2,2,8,3,1,1,1,4,3,3,13,19,11,21,12,76,1,19.9
NSHD100744,healthy,76,5,5,3,5,3,6,4,7,5,6,6,3,2,2,2,11,4,1,1,2,5,4,4,18,25,12,25,16,96,1,24.5
NSHD100745,healthy,76,5,5,3,5,3,7,4,7,5,6,7,3,2,2,2,12,4,1,1,2,5,4,4,18,26,13,26,16,99,1,22.3
NSHD100746,healthy,77,5,5,3,5,3,7,4,7,5,7,7,3,2,2,2,12,4,1,1,2,5,4,4,18,26,14,26,16,100,1,14.5
NSHD100747,mci,78,3,4,2,4,2,5,3,5,4,6,5,3,1,1,2,8,3,1,1,1,3,3,4,13,19,11,19,12,74,1,18.2
NSHD100748,healthy,77,5,5,3,5,3,6,4,7,5,7,7,3,2,2,2,12,4,1,1,2,5,4,4,18,25,14,26,16,99,1,21.8
NSHD100749,healthy,76,5,5,3,5,3,7,4,7,5,6,7,3,2,2,2,12,4,1,1,2,5,4,4,18,26,13,26,16,99,1,18.5
NSHD100750,mci,79,3,4,3,3,2,5,3,5,4,5,5,2,2,2,1,10,3,1,1,1,4,3,3,13,19,10,21,12,75,1,18.1
NSHD100751,healthy,79,5,5,3,5,3,7,4,7,5,7,7,3,2,2,2,11,4,1,1,2,5,4,4,18,26,14,25,16,99,1,21.1
NSHD100752,healthy,77,5,5,3,5,3,7,4,6,5,7,7,3,2,2,2,12,4,1,1,2,5,4,4,18,25,14,26,16,99,1,18.8
NSHD100753,mci,76,4,4,2,3,3,6,3,5,4,6,5,3,1,2,2,10,3,1,1,1,3,4,3,13,21,11,22,12,79,1,20.0
NSHD100754,healthy,75,5,5,3,5,3,7,4,7,5,7,6,3,2,2,2,11,4,1,1,2,5,4,4,18,26,13,25,16,98,1,18.5
NSHD100755,healthy,76,5,5,3,5,3,7,4,7,5,7,6,3,2,2,2,12,4,1,1,2,5,4,4,18,26,13,26,16,99,1,23.0
NSHD100756,healthy,77,5,5,3,5,3,7,4,7,5,7,6,3,2,2,2,12,4,1,1,2,5,4,4,18,26,13,26,16,99,1,18.1
NSHD100757,healthy,78,5,5,3,5,3,7,4,6,5,6,7,3,2,2,2,11,4,1,1,2,5,4,4,18,25,13,25,16,97,1,18.4
NSHD100758,healthy,76,5,5,3,5,3,7,4,7,5,7,7,3,2,2,2,11,4,1,1,2,5,4,4,18,26,14,25,16,99,1,16.7
NSHD100759,dementia_risk,74,3,2,1,2,1,4,2,3,3,2,2,2,1,1,1,4,2,1,1,1,3,2,2,8,13,4,12,9,46,1,17.2
NSHD100760,healthy,78,5,5,3,5,3,6,4,7,5,7,7,3,2,2,2,12,4,1,1,2,5,4,4,18,25,14,26,16,99,1,20.7
NSHD100761,mci,77,4,4,2,4,3,5,3,5,4,6,5,2,2,1,2,10,3,1,1,1,4,3,3,14,20,11,21,12,78,1,18.9
NSHD100762,mci,78,3,4,2,4,3,6,3,6,4,5,6,2,2,2,2,9,3,1,1,1,3,3,3,13,22,11,21,11,78,1,16.3
NSHD100763,healthy,78,5,5,3,5,3,7,4,7,5,7,7,3,2,2,2,12,4,1,1,2,5,4,4,18,26,14,26,16,100,1,14.2
NSHD100764,healthy,77,5,5,3,5,3,7,4,7,5,7,6,3,2,2,2,12,4,1,1,2,5,4,4,18,26,13,26,16,99,1,26.4
NSHD100765,mci,75,4,4,2,4,2,6,3,6,4,6,5,2,1,1,2,8,3,1,1,1,4,3,3,14,21,11,18,12,76,1,15.2
NSHD100766,dementia_risk,77,3,2,1,2,1,2,1,3,3,4,3,1,1,1,1,6,2,1,0,1,3,2,1,8,10,7,13,7,45,1,15.6
NSHD100767,healthy,77,5,5,3,5,3,6,4,6,5,6,7,3,2,2,2,11,4,1,1,2,5,4,4,18,24,13,25,16,96,1,19.2
NSHD100768,healthy,79,5,5,3,5,3,7,4,7,5,7,6,3,2,2,2,11,4,1,1,2,5,4,4,18,26,13,25,16,98,1,18.9
NSHD100769,healthy,76,5,5,3,5,3,7,4,7,5,7,6,3,2,2,2,11,4,1,1,2,5,4,4,18,26,13,25,16,98,1,16.7
NSHD100770,healthy,80,5,5,3,5,3,7,4,6,5,6,7,3,2,2,2,11,4,1,1,2,5,4,4,18,25,13,25,16,97,1,21.1
NSHD100771,healthy,78,5,5,3,5,3,7,4,7,5,7,6,3,2,2,2,12,4,1,1,2,5,4,4,18,26,13,26,16,99,1,18.8
NSHD100772,healthy,79,5,5,3,5,3,7,4,6,5,6,6,3,2,2,2,11,4,1,1,2,5,4,4,18,25,12,25,16,96,1,17.8
NSHD100773,healthy,79,5,5,3,5,3,7,4,7,5,7,6,3,2,2,2,11,4,1,1,2,5,4,4,18,26,13,25,16,98,1,18.3
NSHD100774,mci,75,4,4,2,4,2,5,3,5,4,5,5,2,2,2,2,8,3,1,1,1,4,3,3,14,19,10,20,12,75,1,17.8
NSHD100775,healthy,78,5,5,3,5,3,6,4,6,5,7,7,3,2,2,2,11,4,1,1,2,5,4,4,18,24,14,25,16,97,1,13.1
NSHD100776,mci,77,4,4,3,4,2,5,3,5,4,5,5,3,1,1,2,9,3,1,1,2,4,3,3,15,19,10,20,13,77,1,20.7
NSHD100777,healthy,80,5,5,3,5,3,7,4,7,5,7,7,3,2,2,2,11,4,1,1,2,5,4,4,18,26,14,25,16,99,1,21.8
NSHD100778,mci,75,4,4,3,3,2,5,3,5,4,5,5,3,2,1,1,10,3,1,1,1,4,3,3,14,19,10,21,12,76,1,16.0
NSHD100779,healthy,74,5,5,3,5,3,6,4,6,5,7,6,3,2,2,2,11,4,1,1,2,5,4,4,18,24,13,25,16,96,1,19.9
NSHD100780,healthy,79,5,5,3,5,3,7,4,6,5,7,6,3,2,2,2,12,4,1,1,2,5,4,4,18,25,13,26,16,98,1,17.1
NSHD100781,mci,77,4,3,2,4,2,5,3,5,4,6,6,3,1,2,1,9,3,1,1,2,4,4,3,13,19,12,20,14,78,1,20.1
NSHD100782,healthy,77,5,5,3,5,3,7,4,7,5,7,7,3,2,2,2,11,4,1,1,2,5,4,4,18,26,14,25,16,99,1,17.2
NSHD100783,healthy,77,5,5,3,5,3,7,4,7,5,6,6,3,2,2,2,12,4,1,1,2,5,4,4,18,26,12,26,16,98,1,11.0
NSHD100784,mci,75,4,4,2,3,3,6,3,5,3,6,5,2,1,1,2,8,3,1,1,2,4,3,3,13,20,11,18,13,75,1,22.5
NSHD100785,dementia_risk,78,2,2,1,2,2,4,2,2,3,4,3,1,1,1,1,6,2,0,0,1,3,2,2,7,13,7,12,8,47,1,17.9
NSHD100786,healthy,78,5,5,3,5,3,6,4,7,5,6,6,3,2,2,2,11,4,1,1,2,5,4,4,18,25,12,25,16,96,1,23.3
NSHD100787,healthy,78,5,5,3,5,3,7,4,7,5,7,7,3,2,2,2,11,4,1,1,2,5,4,4,18,26,14,25,16,99,1,17.2
NSHD100788,healthy,76,5,5,3,5,3,6,4,7,5,7,7,3,2,2,2,11,4,1,1,2,5,4,4,18,25,14,25,16,98,1,18.5
NSHD100789,dementia_risk,79,2,2,2,2,2,3,2,3,2,4,2,2,1,1,1,5,2,0,1,1,3,2,2,8,12,6,12,9,47,1,18.5
NSHD100790,dementia_risk,75,2,2,1,2,1,4,2,4,2,3,3,2,1,1,1,7,3,0,1,1,2,2,2,7,13,6,15,8,49,1,18.2
NSHD100791,healthy,78,5,5,3,5,3,7,4,7,5,7,7,3,2,2,2,11,4,1,1,2,5,4,4,18,26,14,25,16,99,1,18.7
NSHD100792,healthy,75,5,5,3,5,3,7,4,6,5,7,7,3,2,2,2,11,4,1,1,2,5,4,4,18,25,14,25,16,98,1,15.6
NSHD100793,healthy,78,5,5,3,5,3,7,4,7,5,7,7,3,2,2,2,11,4,1,1,2,5,4,4,18,26,14,25,16,99,1,21.0
NSHD100794,healthy,74,5,5,3,5,3,7,4,7,5,6,6,3,2,2,2,12,4,1,1,2,5,4,4,18,26,12,26,16,98,1,20.8
NSHD100795,dementia_risk,77,2,2,2,3,1,4,2,3,2,3,2,2,1,1,1,8,1,1,1,1,3,2,1,9,12,5,15,8,49,1,14.2
NSHD100796,healthy,77,5,5,3,5,3,7,4,6,5,7,6,3,2,2,2,11,4,1,1,2,5,4,4,18,25,13,25,16,97,1,15.1
NSHD100797,mci,79,4,3,2,4,2,5,3,6,4,6,6,3,1,2,1,10,3,1,1,2,3,3,4,13,20,12,21,13,79,1,20.3
NSHD100798,mci,78,4,3,2,3,3,5,3,5,4,6,6,2,1,1,1,11,3,1,1,2,4,3,4,12,20,12,20,14,78,1,19.1
NSHD100799,healthy,78,5,5,3,5,3,7,4,6,5,7,7,3,2,2,2,11,4,1,1,2,5,4,4,18,25,14,25,16,98,1,18.7
NSHD100800,healthy,75,5,5,3,5,3,6,4,7,5,7,7,3,2,2,2,11,4,1,1,2,5,4,4,18,25,14,25,16,98,1,15.1
NSHD100801,healthy,78,5,5,3,5,3,7,4,7,5,7,6,3,2,2,2,11,4,1,1,2,5,4,4,18,26,13,25,16,98,1,18.6
NSHD100802,healthy,76,5,5,3,5,3,7,4,7,5,7,7,3,2,2,2,11,4,1,1,2,5,4,4,18,26,14,25,16,99,1,18.5
NSHD100803,healthy,75,5,5,3,5,3,7,4,7,5,7,7,3,2,2,2,11,4,1,1,2,5,4,4,18,26,14,25,16,99,1,20.1
NSHD100804,dementia_risk,76,3,2,2,3,2,4,1,4,3,4,3,1,1,1,1,5,2,1,0,1,3,2,2,10,14,7,12,8,51,1,17.7
NSHD100805,healthy,76,5,5,3,5,3,6,4,6,5,6,7,3,2,2,2,11,4,1,1,2,5,4,4,18,24,13,25,16,96,1,18.4
NSHD100806,mci,77,4,4,2,4,2,5,3,6,4,5,6,2,1,2,2,10,3,1,1,2,4,3,3,14,20,11,21,13,79,1,14.8
NSHD100807,healthy,80,5,5,3,5,3,7,4,7,5,7,6,3,2,2,2,12,4,1,1,2,5,4,4,18,26,13,26,16,99,1,17.8
NSHD100808,mci,80,4,4,2,4,2,5,3,6,3,6,6,2,2,2,1,9,4,1,1,1,4,3,3,14,19,12,21,12,78,1,20.4
NSHD100809,healthy,76,5,5,3,5,3,7,4,6,5,7,7,3,2,2,2,12,4,1,1,2,5,4,4,18,25,14,26,16,99,1,20.8
NSHD100810,healthy,75,5,5,3,5,3,7,4,7,5,6,6,3,2,2,2,11,4,1,1,2,5,4,4,18,26,12,25,16,97,1,26.6
NSHD100811,mci,78,4,4,2,4,2,5,3,6,3,6,5,2,1,1,2,10,3,1,1,1,4,3,3,14,19,11,20,12,76,1,18.3
NSHD100812,healthy,75,5,5,3,5,3,6,4,6,5,7,6,3,2,2,2,12,4,1,1,2,5,4,4,18,24,13,26,16,97,1,13.6
NSHD100813,mci,77,4,4,2,4,3,6,3,5,4,5,5,2,2,1,2,9,3,1,1,1,4,3,3,14,21,10,20,12,77,1,17.8
NSHD100814,healthy,79,5,5,3,5,3,7,4,6,5,7,7,3,2,2,2,11,4,1,1,2,5,4,4,18,25,14,25,16,98,1,25.3
NSHD100815,healthy,78,5,5,3,5,3,7,4,6,5,6,6,3,2,2,2,12,4,1,1,2,5,4,4,18,25,12,26,16,97,1,23.2
NSHD100816,healthy,77,5,5,3,5,3,7,4,7,5,7,7,3,2,2,2,11,4,1,1,2,5,4,4,18,26,14,25,16,99,1,16.5
NSHD100817,mci,73,4,4,2,4,2,5,3,5,4,5,5,2,1,1,2,9,3,1,1,1,3,3,3,14,19,10,19,11,73,1,15.9
NSHD100818,healthy,76,5,5,3,5,3,7,4,6,5,7,6,3,2,2,2,12,4,1,1,2,5,4,4,18,25,13,26,16,98,1,17.0
NSHD100819,healthy,77,5,5,3,5,3,7,4,7,5,7,7,3,2,2,2,12,4,1,1,2,5,4,4,18,26,14,26,16,100,1,19.0
NSHD100820,mci,75,4,4,3,4,2,5,3,6,4,6,5,2,2,1,1,8,4,1,1,2,4,3,3,15,20,11,19,13,78,1,17.2
NSHD100821,healthy,78,5,5,3,5,3,6,4,6,5,6,6,3,2,2,2,11,4,1,1,2,5,4,4,18,24,12,25,16,95,1,17.4
NSHD100822,healthy,77,5,5,3,5,3,7,4,7,5,7,7,3,2,2,2,11,4,1,1,2,5,4,4,18,26,14,25,16,99,1,20.7
NSHD100823,healthy,77,5,5,3,5,3,6,4,7,5,6,7,3,2,2,2,11,4,1,1,2,5,4,4,18,25,13,25,16,97,1,20.7
NSHD100824,healthy,75,5,5,3,5,3,7,4,6,5,7,7,3,2,2,2,12,4,1,1,2,5,4,4,18,25,14,26,16,99,1,16.9
NSHD100825,healthy,76,5,5,3,5,3,6,4,6,5,6,7,3,2,2,2,11,4,1,1,2,5,4,4,18,24,13,25,16,96,1,18.8
NSHD100826,healthy,76,5,5,3,5,3,7,4,7,5,7,7,3,2,2,2,12,4,1,1,2,5,4,4,18,26,14,26,16,100,1,16.5
NSHD100827,mci,79,4,4,3,4,2,6,3,5,4,6,5,3,1,2,1,9,3,1,1,2,4,3,3,15,20,11,20,13,79,1,17.0
NSHD100828,mci,75,4,3,3,4,2,6,3,6,4,5,5,2,2,2,2,8,3,1,1,2,4,3,3,14,21,10,20,13,78,1,15.1
NSHD100829,mci,73,4,4,2,4,2,6,3,5,4,5,6,3,2,2,2,10,3,1,1,2,4,3,3,14,20,11,23,13,81,1,22.0
NSHD100830,healthy,76,5,5,3,5,3,7,4,6,5,6,7,3,2,2,2,12,4,1,1,2,5,4,4,18,25,13,26,16,98,1,20.5
NSHD100831,dementia_risk,77,3,2,1,3,2,4,1,3,3,3,4,2,1,1,1,4,2,0,0,1,3,2,2,9,13,7,11,8,48,1,18.9
NSHD100832,dementia_risk,79,3,3,1,3,2,3,2,2,3,4,3,2,1,1,1,7,2,0,1,1,2,2,2,10,12,7,14,8,51,1,20.5
NSHD100833,healthy,75,5,5,3,5,3,7,4,6,5,6,7,3,2,2,2,11,4,1,1,2,5,4,4,18,25,13,25,16,97,1,16.2
NSHD100834,healthy,81,5,5,3,5,3,7,4,7,5,6,7,3,2,2,2,11,4,1,1,2,5,4,4,18,26,13,25,16,98,1,15.8
NSHD100835,mci,77,4,4,2,3,3,5,3,6,4,5,6,3,2,2,2,9,4,1,1,2,4,3,3,13,21,11,23,13,81,1,22.8
NSHD100836,healthy,76,5,5,3,5,3,6,4,7,5,6,7,3,2,2,2,11,4,1,1,2,5,4,4,18,25,13,25,16,97,1,19.3
NSHD100837,healthy,77,5,5,3,5,3,6,4,7,5,7,7,3,2,2,2,11,4,1,1,2,5,4,4,18,25,14,25,16,98,1,20.2
NSHD100838,healthy,78,5,5,3,5,3,6,4,7,5,7,6,3,2,2,2,11,4,1,1,2,5,4,4,18,25,13,25,16,97,1,21.5
NSHD100839,dementia_risk,78,2,2,1,3,1,2,1,3,3,4,3,2,1,1,1,5,2,0,1,1,3,2,2,8,10,7,12,9,46,1,19.9
NSHD100840,healthy,74,5,5,3,5,3,6,4,7,5,7,6,3,2,2,2,11,4,1,1,2,5,4,4,18,25,13,25,16,97,1,17.3
NSHD100841,healthy,76,5,5,3,5,3,7,4,6,5,6,7,3,2,2,2,12,4,1,1,2,5,4,4,18,25,13,26,16,98,1,20.1
NSHD100842,mci,79,4,4,2,4,3,6,3,6,3,6,5,2,1,2,2,10,3,1,1,2,4,3,3,14,21,11,21,13,80,1,15.7
NSHD100843,healthy,76,5,5,3,5,3,6,4,6,5,7,7,3,2,2,2,11,4,1,1,2,5,4,4,18,24,14,25,16,97,1,18.5
NSHD100844,healthy,77,5,5,3,5,3,7,4,7,5,7,6,3,2,2,2,11,4,1,1,2,5,4,4,18,26,13,25,16,98,1,19.4
NSHD100845,healthy,75,5,5,3,5,3,7,4,7,5,6,7,3,2,2,2,12,4,1,1,2,5,4,4,18,26,13,26,16,99,1,17.7
NSHD100846,healthy,77,5,5,3,5,3,7,4,7,5,7,7,3,2,2,2,12,4,1,1,2,5,4,4,18,26,14,26,16,100,1,14.2
NSHD100847,dementia_risk,76,2,2,2,2,1,3,2,3,2,3,4,1,1,1,1,6,1,0,1,1,2,2,1,8,11,7,11,7,44,1,20.5
NSHD100848,mci,78,4,4,2,4,2,6,3,5,4,6,6,2,2,2,2,8,3,1,1,1,4,3,3,14,20,12,20,12,78,1,25.2
NSHD100849,healthy,79,5,5,3,5,3,6,4,7,5,6,6,3,2,2,2,12,4,1,1,2,5,4,4,18,25,12,26,16,97,1,17.7
NSHD100850,healthy,75,5,5,3,5,3,6,4,7,5,6,6,3,2,2,2,12,4,1,1,2,5,4,4,18,25,12,26,16,97,1,21.9
NSHD100851,healthy,81,5,5,3,5,3,7,4,6,5,7,6,3,2,2,2,12,4,1,1,2,5,4,4,18,25,13,26,16,98,1,16.8
NSHD100852,healthy,75,5,5,3,5,3,7,4,7,5,7,7,3,2,2,2,11,4,1,1,2,5,4,4,18,26,14,25,16,99,1,20.6
NSHD100853,dementia_risk,77,2,3,2,2,2,2,2,4,2,4,2,2,1,1,1,5,2,0,1,1,3,2,2,9,12,6,12,9,48,1,12.9
NSHD100854,healthy,77,5,5,3,5,3,6,4,7,5,7,6,3,2,2,2,11,4,1,1,2,5,4,4,18,25,13,25,16,97,1,21.0
NSHD100855,healthy,76,5,5,3,5,3,7,4,6,5,7,7,3,2,2,2,11,4,1,1,2,5,4,4,18,25,14,25,16,98,1,21.3
NSHD100856,healthy,75,5,5,3,5,3,6,4,6,5,7,7,3,2,2,2,11,4,1,1,2,5,4,4,18,24,14,25,16,97,1,17.6
NSHD100857,healthy,77,5,5,3,5,3,6,4,7,5,7,6,3,2,2,2,11,4,1,1,2,5,4,4,18,25,13,25,16,97,1,18.3
NSHD100858,dementia_risk,81,2,2,1,3,2,3,2,3,2,2,4,2,1,1,1,6,2,1,0,1,2,2,1,8,12,6,14,6,46,1,18.9
NSHD100859,healthy,77,5,5,3,5,3,7,4,7,5,6,7,3,2,2,2,11,4,1,1,2,5,4,4,18,26,13,25,16,98,1,19.3
NSHD100860,mci,78,3,3,2,3,3,5,4,5,4,5,5,2,1,2,2,8,3,1,1,1,4,3,3,11,21,10,19,12,73,1,22.4
NSHD100861,healthy,78,5,5,3,5,3,7,4,6,5,7,7,3,2,2,2,11,4,1,1,2,5,4,4,18,25,14,25,16,98,1,20.7
NSHD100862,healthy,75,5,5,3,5,3,7,4,6,5,6,7,3,2,2,2,12,4,1,1,2,5,4,4,18,25,13,26,16,98,1,19.6
NSHD100863,mci,79,4,4,2,4,3,5,3,6,4,5,6,3,2,2,1,10,3,1,1,2,4,3,3,14,21,11,22,13,81,1,16.4
NSHD100864,mci,73,4,3,2,4,2,5,3,5,3,5,5,2,2,2,2,10,3,1,1,2,4,3,3,13,18,10,22,13,76,1,16.1
NSHD100865,healthy,77,5,5,3,5,3,7,4,7,5,7,6,3,2,2,2,11,4,1,1,2,5,4,4,18,26,13,25,16,98,1,18.0
NSHD100866,healthy,75,5,5,3,5,3,7,4,7,5,7,6,3,2,2,2,12,4,1,1,2,5,4,4,18,26,13,26,16,99,1,20.4
NSHD100867,mci,77,4,4,2,4,2,6,3,5,3,6,6,2,2,1,1,9,3,1,1,1,4,3,3,14,19,12,19,12,76,1,10.8
NSHD100868,healthy,74,5,5,3,5,3,7,4,6,5,6,7,3,2,2,2,11,4,1,1,2,5,4,4,18,25,13,25,16,97,1,19.4
NSHD100869,healthy,75,5,5,3,5,3,6,4,7,5,7,7,3,2,2,2,11,4,1,1,2,5,4,4,18,25,14,25,16,98,1,14.4
NSHD100870,mci,79,4,3,3,3,2,6,3,6,4,5,5,3,2,2,1,8,4,1,1,2,4,3,3,13,21,10,21,13,78,1,19.1
NSHD100871,healthy,79,5,5,3,5,3,7,4,6,5,7,6,3,2,2,2,11,4,1,1,2,5,4,4,18,25,13,25,16,97,1,19.3
NSHD100872,healthy,79,5,5,3,5,3,6,4,7,5,7,6,3,2,2,2,12,4,1,1,2,5,4,4,18,25,13,26,16,98,1,16.4
NSHD100873,mci,81,4,4,2,4,2,6,3,5,3,5,6,2,1,2,1,8,3,1,1,1,4,3,3,14,19,11,18,12,74,1,21.2
NSHD100874,healthy,76,5,5,3,5,3,7,4,7,5,7,7,3,2,2,2,12,4,1,1,2,5,4,4,18,26,14,26,16,100,1,22.3
NSHD100875,mci,76,4,4,2,4,2,6,3,5,4,5,5,2,2,1,1,9,3,1,1,1,4,3,3,14,20,10,19,12,75,1,20.8
NSHD100876,mci,81,4,4,2,3,2,6,3,6,4,5,6,3,1,2,2,11,3,1,1,1,4,3,3,13,21,11,23,12,80,1,18.6
NSHD100877,healthy,75,5,5,3,5,3,6,4,7,5,7,7,3,2,2,2,11,4,1,1,2,5,4,4,18,25,14,25,16,98,1,22.1
NSHD100878,dementia_risk,77,3,3,1,3,2,4,1,4,3,4,2,2,1,1,1,5,2,1,1,1,2,1,2,10,14,6,13,7,50,1,19.0
NSHD100879,mci,79,4,4,2,4,2,6,3,5,4,6,5,2,1,2,2,9,3,1,1,1,4,3,3,14,20,11,20,12,77,1,18.8
NSHD100880,healthy,77,5,5,3,5,3,7,4,6,5,6,7,3,2,2,2,11,4,1,1,2,5,4,4,18,25,13,25,16,97,1,20.8
NSHD100881,mci,76,4,4,2,4,2,6,3,5,4,6,5,2,2,2,1,8,3,1,1,1,4,3,3,14,20,11,19,12,76,1,17.3
NSHD100882,healthy,76,5,5,3,5,3,7,4,6,5,6,7,3,2,2,2,11,4,1,1,2,5,4,4,18,25,13,25,16,97,1,21.0
NSHD100883,healthy,78,5,5,3,5,3,6,4,7,5,7,7,3,2,2,2,11,4,1,1,2,5,4,4,18,25,14,25,16,98,1,22.3
NSHD100884,healthy,76,5,5,3,5,3,7,4,6,5,7,7,3,2,2,2,12,4,1,1,2,5,4,4,18,25,14,26,16,99,1,19.0
NSHD100885,healthy,78,5,5,3,5,3,7,4,6,5,7,7,3,2,2,2,11,4,1,1,2,5,4,4,18,25,14,25,16,98,1,19.6
NSHD100886,mci,77,3,4,2,3,2,6,3,6,4,5,6,2,2,1,2,9,3,1,1,1,4,3,3,12,21,11,20,12,76,1,18.2
NSHD100887,healthy,73,5,5,3,5,3,6,4,7,5,7,6,3,2,2,2,12,4,1,1,2,5,4,4,18,25,13,26,16,98,1,23.4
NSHD100888,mci,78,4,3,2,4,3,6,4,5,4,5,5,2,2,2,2,8,3,1,1,2,4,3,3,13,22,10,20,13,78,1,19.9
NSHD100889,healthy,77,5,5,3,5,3,7,4,7,5,7,7,3,2,2,2,12,4,1,1,2,5,4,4,18,26,14,26,16,100,1,17.6
NSHD100890,dementia_risk,78,2,2,1,2,2,3,2,4,2,3,4,1,1,1,1,5,2,1,0,1,3,1,2,7,13,7,12,7,46,1,19.5
NSHD100891,dementia_risk,77,3,2,2,2,1,4,2,3,2,2,2,1,1,1,1,4,2,0,0,1,3,2,2,9,12,4,10,8,43,1,17.4
NSHD100892,mci,71,4,4,3,4,2,6,3,5,4,6,6,2,2,1,2,8,3,1,1,2,3,3,3,15,20,12,19,12,78,1,19.1
NSHD100893,healthy,76,5,5,3,5,3,7,4,7,5,7,7,3,2,2,2,11,4,1,1,2,5,4,4,18,26,14,25,16,99,1,19.2
NSHD100894,healthy,79,5,5,3,5,3,7,4,7,5,7,6,3,2,2,2,12,4,1,1,2,5,4,4,18,26,13,26,16,99,1,15.8
NSHD100895,healthy,79,5,5,3,5,3,7,4,6,5,7,7,3,2,2,2,12,4,1,1,2,5,4,4,18,25,14,26,16,99,1,20.0
NSHD100896,healthy,78,5,5,3,5,3,7,4,7,5,6,7,3,2,2,2,12,4,1,1,2,5,4,4,18,26,13,26,16,99,1,18.5
NSHD100897,healthy,74,5,5,3,5,3,6,4,7,5,7,6,3,2,2,2,11,4,1,1,2,5,4,4,18,25,13,25,16,97,1,20.7
NSHD100898,healthy,75,5,5,3,5,3,7,4,7,5,6,7,3,2,2,2,12,4,1,1,2,5,4,4,18,26,13,26,16,99,1,14.2
NSHD100899,mci,75,4,3,2,3,2,5,3,5,4,5,6,2,2,2,1,9,3,1,1,1,3,3,3,12,19,11,20,11,73,1,21.7
NSHD100900,mci,78,4,4,2,4,2,6,3,5,4,5,6,2,2,1,2,10,3,1,1,2,4,3,3,14,20,11,21,13,79,1,15.0
NSHD100901,mci,76,4,4,2,3,2,5,3,5,4,5,5,2,1,1,2,10,3,1,1,2,3,3,3,13,19,10,20,12,74,1,13.6
NSHD100902,healthy,80,5,5,3,5,3,6,4,7,5,7,7,3,2,2,2,11,4,1,1,2,5,4,4,18,25,14,25,16,98,1,19.5
NSHD100903,healthy,78,5,5,3,5,3,6,4,7,5,7,7,3,2,2,2,12,4,1,1,2,5,4,4,18,25,14,26,16,99,1,16.8
NSHD100904,mci,76,3,4,2,4,2,6,3,5,3,5,6,2,1,1,2,9,3,1,1,2,4,3,3,13,19,11,19,13,75,1,18.5
NSHD100905,healthy,77,5,5,3,5,3,7,4,7,5,7,7,3,2,2,2,11,4,1,1,2,5,4,4,18,26,14,25,16,99,1,13.8
NSHD100906,mci,77,4,4,2,4,2,6,3,6,4,6,5,2,1,1,2,9,3,1,1,2,4,3,3,14,21,11,19,13,78,1,19.8
NSHD100907,healthy,77,5,5,3,5,3,6,4,7,5,7,7,3,2,2,2,11,4,1,1,2,5,4,4,18,25,14,25,16,98,1,17.4
NSHD100908,healthy,76,5,5,3,5,3,7,4,7,5,6,7,3,2,2,2,12,4,1,1,2,5,4,4,18,26,13,26,16,99,1,18.7
NSHD100909,dementia_risk,79,2,2,2,3,2,4,1,3,2,3,4,2,1,1,1,5,1,0,1,1,3,2,2,9,12,7,11,9,48,1,18.3
NSHD100910,healthy,77,5,5,3,5,3,7,4,6,5,6,6,3,2,2,2,11,4,1,1,2,5,4,4,18,25,12,25,16,96,1,20.2
NSHD100911,dementia_risk,77,2,2,2,3,1,4,2,3,3,4,4,1,1,1,1,6,2,0,1,1,2,2,2,9,13,8,12,8,50,1,22.3
NSHD100912,healthy,80,5,5,3,5,3,6,4,7,5,7,7,3,2,2,2,12,4,1,1,2,5,4,4,18,25,14,26,16,99,1,18.1
NSHD100913,healthy,71,5,5,3,5,3,7,4,6,5,7,7,3,2,2,2,12,4,1,1,2,5,4,4,18,25,14,26,16,99,1,15.9
NSHD100914,healthy,76,5,5,3,5,3,6,4,7,5,7,7,3,2,2,2,11,4,1,1,2,5,4,4,18,25,14,25,16,98,1,19.3
NSHD100915,dementia_risk,79,2,3,1,2,1,4,2,2,2,4,3,1,1,1,1,8,2,0,1,1,3,2,2,8,11,7,14,9,49,1,18.5
NSHD100916,healthy,79,5,5,3,5,3,7,4,7,5,6,7,3,2,2,2,11,4,1,1,2,5,4,4,18,26,13,25,16,98,1,17.7
NSHD100917,healthy,79,5,5,3,5,3,6,4,6,5,7,6,3,2,2,2,11,4,1,1,2,5,4,4,18,24,13,25,16,96,1,17.5
NSHD100918,healthy,78,5,5,3,5,3,6,4,7,5,6,6,3,2,2,2,12,4,1,1,2,5,4,4,18,25,12,26,16,97,1,16.4
NSHD100919,healthy,79,5,5,3,5,3,7,4,7,5,6,7,3,2,2,2,12,4,1,1,2,5,4,4,18,26,13,26,16,99,1,16.0
NSHD100920,mci,75,3,4,2,3,2,6,3,6,4,5,5,2,1,2,2,9,3,1,1,2,4,3,3,12,21,10,20,13,76,1,22.5
NSHD100921,healthy,74,5,5,3,5,3,6,4,6,5,7,7,3,2,2,2,12,4,1,1,2,5,4,4,18,24,14,26,16,98,1,18.3
NSHD100922,healthy,77,5,5,3,5,3,7,4,7,5,7,6,3,2,2,2,12,4,1,1,2,5,4,4,18,26,13,26,16,99,1,18.2
NSHD100923,healthy,78,5,5,3,5,3,7,4,7,5,6,7,3,2,2,2,11,4,1,1,2,5,4,4,18,26,13,25,16,98,1,18.8
NSHD100924,healthy,76,5,5,3,5,3,6,4,7,5,6,7,3,2,2,2,11,4,1,1,2,5,4,4,18,25,13,25,16,97,1,15.8
NSHD100925,mci,78,4,4,2,4,3,5,3,6,4,5,5,3,1,1,2,9,3,1,1,2,3,3,3,14,21,10,20,12,77,1,15.4
NSHD100926,healthy,80,5,5,3,5,3,7,4,6,5,7,7,3,2,2,2,11,4,1,1,2,5,4,4,18,25,14,25,16,98,1,17.6
NSHD100927,healthy,77,5,5,3,5,3,6,4,7,5,7,6,3,2,2,2,12,4,1,1,2,5,4,4,18,25,13,26,16,98,1,12.6
NSHD100928,healthy,77,5,5,3,5,3,6,4,7,5,6,7,3,2,2,2,11,4,1,1,2,5,4,4,18,25,13,25,16,97,1,17.8
NSHD100929,mci,76,4,4,3,3,2,6,3,6,4,5,6,2,1,2,1,10,3,1,1,2,4,3,3,14,21,11,20,13,79,1,17.0
NSHD100930,healthy,79,5,5,3,5,3,7,4,7,5,7,6,3,2,2,2,11,4,1,1,2,5,4,4,18,26,13,25,16,98,1,20.2
NSHD100931,healthy,75,5,5,3,5,3,7,4,7,5,7,6,3,2,2,2,11,4,1,1,2,5,4,4,18,26,13,25,16,98,1,15.8
NSHD100932,mci,77,4,3,2,4,2,5,3,6,3,6,5,2,1,1,2,8,3,1,1,1,4,3,3,13,19,11,18,12,73,1,21.9
NSHD100933,healthy,78,5,5,3,5,3,7,4,7,5,7,7,3,2,2,2,11,4,1,1,2,5,4,4,18,26,14,25,16,99,1,19.4
NSHD100934,healthy,77,5,5,3,5,3,6,4,7,5,7,7,3,2,2,2,12,4,1,1,2,5,4,4,18,25,14,26,16,99,1,15.2
NSHD100935,healthy,80,5,5,3,5,3,7,4,6,5,7,7,3,2,2,2,11,4,1,1,2,5,4,4,18,25,14,25,16,98,1,21.3
NSHD100936,healthy,76,5,5,3,5,3,6,4,6,5,7,7,3,2,2,2,11,4,1,1,2,5,4,4,18,24,14,25,16,97,1,19.3
NSHD100937,healthy,75,5,5,3,5,3,7,4,7,5,7,7,3,2,2,2,12,4,1,1,2,5,4,4,18,26,14,26,16,100,1,20.5
NSHD100938,healthy,73,5,5,3,5,3,6,4,7,5,7,7,3,2,2,2,11,4,1,1,2,5,4,4,18,25,14,25,16,98,1,15.5
NSHD100939,healthy,76,5,5,3,5,3,7,4,7,5,6,7,3,2,2,2,12,4,1,1,2,5,4,4,18,26,13,26,16,99,1,20.1
NSHD100940,mci,77,4,4,2,4,2,5,3,6,3,5,5,3,2,2,1,10,3,1,1,2,4,3,3,14,19,10,22,13,78,1,14.9
NSHD100941,healthy,75,5,5,3,5,3,6,4,7,5,7,7,3,2,2,2,12,4,1,1,2,5,4,4,18,25,14,26,16,99,1,12.7
NSHD100942,mci,75,3,4,3,4,2,5,3,5,4,5,5,2,1,1,2,10,3,1,1,1,4,3,3,14,19,10,20,12,75,1,14.3
NSHD100943,healthy,78,5,5,3,5,3,7,4,7,5,7,7,3,2,2,2,12,4,1,1,2,5,4,4,18,26,14,26,16,100,1,16.7
NSHD100944,mci,78,4,3,2,4,2,6,3,6,4,6,5,2,2,1,2,10,4,1,1,1,4,3,3,13,21,11,22,12,79,1,17.8
NSHD100945,healthy,77,5,5,3,5,3,7,4,6,5,7,7,3,2,2,2,12,4,1,1,2,5,4,4,18,25,14,26,16,99,1,23.2
NSHD100946,healthy,80,5,5,3,5,3,7,4,7,5,7,6,3,2,2,2,11,4,1,1,2,5,4,4,18,26,13,25,16,98,1,18.2
NSHD100947,healthy,75,5,5,3,5,3,7,4,7,5,7,6,3,2,2,2,11,4,1,1,2,5,4,4,18,26,13,25,16,98,1,15.6
NSHD100948,healthy,76,5,5,3,5,3,7,4,7,5,7,7,3,2,2,2,12,4,1,1,2,5,4,4,18,26,14,26,16,100,1,17.2
NSHD100949,healthy,75,5,5,3,5,3,7,4,7,5,7,7,3,2,2,2,11,4,1,1,2,5,4,4,18,26,14,25,16,99,1,22.8
NSHD100950,healthy,79,5,5,3,5,3,7,4,6,5,7,6,3,2,2,2,11,4,1,1,2,5,4,4,18,25,13,25,16,97,1,17.5
NSHD100951,healthy,78,5,5,3,5,3,7,4,7,5,7,6,3,2,2,2,11,4,1,1,2,5,4,4,18,26,13,25,16,98,1,22.7
NSHD100952,healthy,75,5,5,3,5,3,7,4,7,5,7,7,3,2,2,2,12,4,1,1,2,5,4,4,18,26,14,26,16,100,1,22.5
NSHD100953,healthy,74,5,5,3,5,3,6,4,7,5,7,7,3,2,2,2,11,4,1,1,2,5,4,4,18,25,14,25,16,98,1,19.7
NSHD100954,healthy,80,5,5,3,5,3,6,4,6,5,7,7,3,2,2,2,11,4,1,1,2,5,4,4,18,24,14,25,16,97,1,14.9
NSHD100955,healthy,75,5,5,3,5,3,7,4,7,5,7,6,3,2,2,2,12,4,1,1,2,5,4,4,18,26,13,26,16,99,1,18.6
NSHD100956,mci,77,3,4,2,4,2,5,3,5,4,5,5,2,2,2,2,10,4,1,1,1,4,3,3,13,19,10,23,12,77,1,16.5
NSHD100957,healthy,77,5,5,3,5,3,6,4,7,5,6,7,3,2,2,2,11,4,1,1,2,5,4,4,18,25,13,25,16,97,1,16.6
NSHD100958,mci,79,4,4,2,4,2,5,3,5,4,6,5,2,1,2,1,9,3,1,1,1,4,3,3,14,19,11,19,12,75,1,22.5
NSHD100959,healthy,75,5,5,3,5,3,6,4,6,5,7,7,3,2,2,2,11,4,1,1,2,5,4,4,18,24,14,25,16,97,1,19.5
NSHD100960,healthy,74,5,5,3,5,3,7,4,7,5,7,7,3,2,2,2,11,4,1,1,2,5,4,4,18,26,14,25,16,99,1,18.6
NSHD100961,healthy,76,5,5,3,5,3,6,4,6,5,7,7,3,2,2,2,11,4,1,1,2,5,4,4,18,24,14,25,16,97,1,20.2
NSHD100962,mci,76,4,4,3,4,2,5,4,6,4,6,5,3,1,1,2,10,3,1,1,2,4,3,3,15,21,11,21,13,81,1,16.3
NSHD100963,healthy,76,5,5,3,5,3,6,4,7,5,7,7,3,2,2,2,11,4,1,1,2,5,4,4,18,25,14,25,16,98,1,15.4
NSHD100964,healthy,75,5,5,3,5,3,7,4,7,5,7,6,3,2,2,2,12,4,1,1,2,5,4,4,18,26,13,26,16,99,1,20.6
NSHD100965,mci,76,4,4,2,3,2,6,3,5,4,5,6,2,2,1,2,10,3,1,1,1,3,3,3,13,20,11,21,11,76,1,15.3
NSHD100966,healthy,81,5,5,3,5,3,6,4,6,5,7,7,3,2,2,2,11,4,1,1,2,5,4,4,18,24,14,25,16,97,1,19.1
NSHD100967,healthy,76,5,5,3,5,3,7,4,7,5,6,7,3,2,2,2,11,4,1,1,2,5,4,4,18,26,13,25,16,98,1,24.5
NSHD100968,healthy,78,5,5,3,5,3,7,4,6,5,7,7,3,2,2,2,12,4,1,1,2,5,4,4,18,25,14,26,16,99,1,14.0
NSHD100969,healthy,78,5,5,3,5,3,7,4,7,5,6,7,3,2,2,2,12,4,1,1,2,5,4,4,18,26,13,26,16,99,1,17.9
NSHD100970,healthy,78,5,5,3,5,3,7,4,7,5,7,7,3,2,2,2,11,4,1,1,2,5,4,4,18,26,14,25,16,99,1,18.7
NSHD100971,healthy,80,5,5,3,5,3,6,4,7,5,7,6,3,2,2,2,11,4,1,1,2,5,4,4,18,25,13,25,16,97,1,23.1
NSHD100972,healthy,77,5,5,3,5,3,7,4,7,5,7,7,3,2,2,2,12,4,1,1,2,5,4,4,18,26,14,26,16,100,1,16.0
NSHD100973,mci,74,4,4,2,4,2,6,3,5,4,6,6,2,1,2,1,10,3,1,1,1,4,3,3,14,20,12,20,12,78,1,14.1
NSHD100974,healthy,76,5,5,3,5,3,7,4,7,5,6,7,3,2,2,2,11,4,1,1,2,5,4,4,18,26,13,25,16,98,1,15.8
NSHD100975,healthy,79,5,5,3,5,3,6,4,7,5,7,7,3,2,2,2,11,4,1,1,2,5,4,4,18,25,14,25,16,98,1,15.9
NSHD100976,healthy,79,5,5,3,5,3,6,4,6,5,7,7,3,2,2,2,12,4,1,1,2,5,4,4,18,24,14,26,16,98,1,17.8
NSHD100977,healthy,78,5,5,3,5,3,7,4,6,5,7,7,3,2,2,2,12,4,1,1,2,5,4,4,18,25,14,26,16,99,1,14.4
NSHD100978,mci,73,4,4,2,4,2,6,3,5,4,5,6,2,2,2,2,10,3,1,1,2,4,3,3,14,20,11,22,13,80,1,18.7
NSHD100979,healthy,78,5,5,3,5,3,7,4,7,5,7,7,3,2,2,2,11,4,1,1,2,5,4,4,18,26,14,25,16,99,1,21.1
NSHD100980,healthy,75,5,5,3,5,3,7,4,6,5,6,7,3,2,2,2,11,4,1,1,2,5,4,4,18,25,13,25,16,97,1,22.1
NSHD100981,healthy,76,5,5,3,5,3,7,4,7,5,7,7,3,2,2,2,11,4,1,1,2,5,4,4,18,26,14,25,16,99,1,17.0
NSHD100982,healthy,78,5,5,3,5,3,7,4,7,5,7,7,3,2,2,2,12,4,1,1,2,5,4,4,18,26,14,26,16,100,1,20.3
NSHD100983,mci,78,4,4,2,4,2,5,3,5,4,5,5,2,1,2,2,10,3,1,1,2,4,3,3,14,19,10,21,13,77,1,16.5
NSHD100984,healthy,80,5,5,3,5,3,7,4,7,5,7,7,3,2,2,2,12,4,1,1,2,5,4,4,18,26,14,26,16,100,1,16.3
NSHD100985,healthy,73,5,5,3,5,3,7,4,7,5,7,7,3,2,2,2,12,4,1,1,2,5,4,4,18,26,14,26,16,100,1,20.0
NSHD100986,healthy,79,5,5,3,5,3,6,4,7,5,6,7,3,2,2,2,11,4,1,1,2,5,4,4,18,25,13,25,16,97,1,19.9
NSHD100987,healthy,75,5,5,3,5,3,7,4,7,5,7,7,3,2,2,2,12,4,1,1,2,5,4,4,18,26,14,26,16,100,1,16.1
NSHD100988,healthy,80,5,5,3,5,3,7,4,6,5,7,7,3,2,2,2,11,4,1,1,2,5,4,4,18,25,14,25,16,98,1,18.4
NSHD100989,healthy,73,5,5,3,5,3,7,4,7,5,7,7,3,2,2,2,12,4,1,1,2,5,4,4,18,26,14,26,16,100,1,17.4
NSHD100990,dementia_risk,76,2,2,1,3,2,4,2,3,2,3,4,2,1,1,1,8,2,0,1,1,2,2,2,8,13,7,15,8,51,1,17.6
NSHD100991,mci,71,4,4,3,4,3,5,3,5,4,5,5,2,2,2,1,8,3,1,1,2,4,3,3,15,20,10,19,13,77,1,15.0
NSHD100992,mci,78,4,3,3,3,2,5,3,5,4,6,6,2,2,1,1,9,4,1,1,1,4,3,3,13,19,12,20,12,76,1,21.3
NSHD100993,healthy,79,5,5,3,5,3,7,4,6,5,7,7,3,2,2,2,11,4,1,1,2,5,4,4,18,25,14,25,16,98,1,20.8
NSHD100994,mci,79,4,3,3,4,2,6,3,6,4,5,6,3,2,1,2,9,4,1,1,2,4,3,3,14,21,11,22,13,81,1,17.9
NSHD100995,dementia_risk,76,2,2,2,2,2,2,2,4,3,4,2,1,1,1,1,5,2,0,1,1,3,1,2,8,13,6,11,8,46,1,14.2
NSHD100996,healthy,75,5,5,3,5,3,7,4,7,5,6,7,3,2,2,2,12,4,1,1,2,5,4,4,18,26,13,26,16,99,1,24.9
NSHD100997,healthy,78,5,5,3,5,3,7,4,6,5,6,7,3,2,2,2,11,4,1,1,2,5,4,4,18,25,13,25,16,97,1,23.0
NSHD100998,healthy,78,5,5,3,5,3,7,4,7,5,7,7,3,2,2,2,12,4,1,1,2,5,4,4,18,26,14,26,16,100,1,20.9
NSHD100999,healthy,79,5,5,3,5,3,7,4,6,5,6,7,3,2,2,2,11,4,1,1,2,5,4,4,18,25,13,25,16,97,1,19.3
